"id","code","lcc","name","logo","created_at","updated_at","deleted_at"
1,AUTOSTRAD,None,Autostradale,https://images.kiwi.com/airlines/64/AUTOSTRAD.png,,,
2,EASTMIDLAN,None,East Midlands Trains,https://images.kiwi.com/airlines/64/EASTMIDLAN.png,,,
3,FLIBCO,"0",Flibco,https://images.kiwi.com/airlines/64/FLIBCO.png,,,
4,SR,"0",Sundair,https://images.kiwi.com/airlines/64/SR.png,,,
5,LONGTEST,"0",Long iata code test,https://images.kiwi.com/airlines/64/LONGTEST.png,,,
6,SAGALES,None,Sagales,https://images.kiwi.com/airlines/64/SAGALES.png,,,
7,EUROLINES,"0",Eurolines,https://images.kiwi.com/airlines/64/EUROLINES.png,,,
8,ISILINES,"0",Isilines,https://images.kiwi.com/airlines/64/ISILINES.png,,,
9,NOMAGO,None,Nomago,https://images.kiwi.com/airlines/64/NOMAGO.png,,,
10,WR,"1",WestJet Encore,https://images.kiwi.com/airlines/64/WR.png,,,
11,CY,"0",Cyprus Airways,https://images.kiwi.com/airlines/64/CY.png,,,
12,FLIXTRAIN,"0",Flixtrain,https://images.kiwi.com/airlines/64/FLIXTRAIN.png,,,
13,P2,"1",Air Kenya,https://images.kiwi.com/airlines/64/P2.png,,,
14,JY,"0",interCaribbean Airways,https://images.kiwi.com/airlines/64/JY.png,,,
15,UU,"0",Air Austral,https://images.kiwi.com/airlines/64/UU.png,,,
16,SZS,None,Scandinavian Airlines Ireland,https://images.kiwi.com/airlines/64/SZS.png,,,
17,GREYHOUND,"0",Greyhound,https://images.kiwi.com/airlines/64/GREYHOUND.png,,,
18,QV,"0",Lao Airlines,https://images.kiwi.com/airlines/64/QV.png,,,
19,"2N","1",NextJet,https://images.kiwi.com/airlines/64/2N.png,,,
20,AH,"0",Air Algerie,https://images.kiwi.com/airlines/64/AH.png,,,
21,TQ,"0",Tandem Aero,https://images.kiwi.com/airlines/64/TQ.png,,,
22,RM,"0",Armenia Aircompany,https://images.kiwi.com/airlines/64/RM.png,,,
23,NATEXPRESS,"0",National Express,https://images.kiwi.com/airlines/64/NATEXPRESS.png,,,
24,A0,"1",Avianca Argentina,https://images.kiwi.com/airlines/64/A0.png,,,
25,JG,"1",JetGo,https://images.kiwi.com/airlines/64/JG.png,,,
26,M8,"1",SkyJet Airlines,https://images.kiwi.com/airlines/64/M8.png,,,
27,M0,"1",Aero Mongolia,https://images.kiwi.com/airlines/64/M0.png,,,
28,"5T","0",Canadian North,https://images.kiwi.com/airlines/64/5T.png,,,
29,"6D","0",Pelita,https://images.kiwi.com/airlines/64/6D.png,,,
30,GU,"1",Avianca Guatemala,https://images.kiwi.com/airlines/64/GU.png,,,
31,XW,"1",NokScoot,https://images.kiwi.com/airlines/64/XW.png,,,
32,UA,"0",United Airlines,https://images.kiwi.com/airlines/64/UA.png,,,
33,X4,"0",Alaska Seaplanes X4,https://images.kiwi.com/airlines/64/X4.png,,,
34,ND,"0",FMI Air,https://images.kiwi.com/airlines/64/ND.png,,,
35,V0,"1",Conviasa,https://images.kiwi.com/airlines/64/V0.png,,,
36,XX,"0",Greenfly,https://images.kiwi.com/airlines/64/XX.png,,,
37,D7,"0",AirAsia X,https://images.kiwi.com/airlines/64/D7.png,,,
38,XJ,"0",Thai AirAsia X,https://images.kiwi.com/airlines/64/XJ.png,,,
39,"2P","1",PAL Express,https://images.kiwi.com/airlines/64/2P.png,,,
40,BUTAAIR,"1",Buta Airways,https://images.kiwi.com/airlines/64/BUTAAIR.png,,,
41,CU,"0",Cubana de Aviación,https://images.kiwi.com/airlines/64/CU.png,,,
42,VV,"0",Viva Air,https://images.kiwi.com/airlines/64/VV.png,,,
43,PQ,"0",SkyUp Airlines,https://images.kiwi.com/airlines/64/PQ.png,,,
44,W3,"0",Arik Air,https://images.kiwi.com/airlines/64/W3.png,,,
45,PE,"0",People's Viennaline PE,https://images.kiwi.com/airlines/64/PE.png,,,
46,YD,"0",Gomelavia,https://images.kiwi.com/airlines/64/YD.png,,,
47,GJ,"0",Loong Air,https://images.kiwi.com/airlines/64/GJ.png,,,
48,FLIXBUS,"0",Flixbus,https://images.kiwi.com/airlines/64/FLIXBUS.png,,,
49,CHIHUAHUEN,None,Transportes Chihuahuenses,https://images.kiwi.com/airlines/64/CHIHUAHUEN.png,,,
50,SNCB,"0",SNCB,https://images.kiwi.com/airlines/64/SNCB.png,,,
51,"99","0",Ciao Air,https://images.kiwi.com/airlines/64/99.png,,,
52,S9,"0",Starbow Airlines,https://images.kiwi.com/airlines/64/S9.png,,,
53,D4,"0",Aerodart,https://images.kiwi.com/airlines/64/D4.png,,,
54,"8G","0",Mid Africa Aviation,https://images.kiwi.com/airlines/64/8G.png,,,
55,"8B","0",TransNusa,https://images.kiwi.com/airlines/64/8B.png,,,
56,AD,"1",Azul,https://images.kiwi.com/airlines/64/AD.png,,,
57,VT,"0",Air Tahiti,https://images.kiwi.com/airlines/64/VT.png,,,
58,KS,"0",Peninsula Airways,https://images.kiwi.com/airlines/64/KS.png,,,
59,KB,"0",Druk Air,https://images.kiwi.com/airlines/64/KB.png,,,
60,SX,"0",SkyWork Airlines,https://images.kiwi.com/airlines/64/SX.png,,,
61,OV,"1",SalamAir,https://images.kiwi.com/airlines/64/OV.png,,,
62,JI,"0",Meraj Air,https://images.kiwi.com/airlines/64/JI.png,,,
63,"3I","0",Air Comet Chile,https://images.kiwi.com/airlines/64/3I.png,,,
64,QA,"0",Click (Mexicana),https://images.kiwi.com/airlines/64/QA.png,,,
65,"9J","0",Dana Airlines Limited,https://images.kiwi.com/airlines/64/9J.png,,,
66,A2,"0",Astra Airlines,https://images.kiwi.com/airlines/64/A2.png,,,
67,SF,"0",Tassili Airlines,https://images.kiwi.com/airlines/64/SF.png,,,
68,ICBUS,"0",IC Bus,https://images.kiwi.com/airlines/64/ICBUS.png,,,
69,DEINBUS,"0",DeinBus,https://images.kiwi.com/airlines/64/DEINBUS.png,,,
70,ORESUNDST,"0",Oresundstag,https://images.kiwi.com/airlines/64/ORESUNDST.png,,,
71,LEBUSDIR,"0",Le Bus Direct,https://images.kiwi.com/airlines/64/LEBUSDIR.png,,,
72,XU,"1",African Express,https://images.kiwi.com/airlines/64/XU.png,,,
73,CD,"0",Corendon Dutch Airlines B.V.,https://images.kiwi.com/airlines/64/CD.png,,,
74,J5,"0",Alaska Seaplane Service,https://images.kiwi.com/airlines/64/J5.png,,,
75,LQ,"1",Lanmei Airlines,https://images.kiwi.com/airlines/64/LQ.png,,,
76,SV,"0",Saudi Arabian Airlines,https://images.kiwi.com/airlines/64/SV.png,,,
77,LH,"0",Lufthansa,https://images.kiwi.com/airlines/64/LH.png,,,
78,LA,"0",LATAM Airlines,https://images.kiwi.com/airlines/64/LA.png,,,
79,QF,"0",Qantas,https://images.kiwi.com/airlines/64/QF.png,,,
80,"0B","1",Blue Air,https://images.kiwi.com/airlines/64/0B.png,,,
81,MV,"0",Air Mediterranean,https://images.kiwi.com/airlines/64/MV.png,,,
82,DI,"0",Norwegian Air UK,https://images.kiwi.com/airlines/64/DI.png,,,
83,RT,"0",JSC UVT Aero,https://images.kiwi.com/airlines/64/RT.png,,,
84,F3,"0",Flyadeal,https://images.kiwi.com/airlines/64/F3.png,,,
85,TRANSFERO,"0",Transfero,https://images.kiwi.com/airlines/64/TRANSFERO.png,,,
86,Y2,"0",AirCentury,https://images.kiwi.com/airlines/64/Y2.png,,,
87,"9P","1",Air Arabia Jordan,https://images.kiwi.com/airlines/64/9P.png,,,
88,"4C","0",LATAM Colombia,https://images.kiwi.com/airlines/64/4C.png,,,
89,A6,"0",Air Travel,https://images.kiwi.com/airlines/64/A6.png,,,
90,B4,"0",ZanAir,https://images.kiwi.com/airlines/64/B4.png,,,
91,T0,"0",Avianca Peru,https://images.kiwi.com/airlines/64/T0.png,,,
92,L7,"0",Lugansk Airlines,https://images.kiwi.com/airlines/64/L7.png,,,
93,YW,"0",Air Nostrum,https://images.kiwi.com/airlines/64/YW.png,,,
94,Y7,"1",NordStar Airlines,https://images.kiwi.com/airlines/64/Y7.png,,,
95,NT,"1",Binter Canarias,https://images.kiwi.com/airlines/64/NT.png,,,
96,"3U","0",Sichuan Airlines,https://images.kiwi.com/airlines/64/3U.png,,,
97,"11","0",TUIfly (X3),https://images.kiwi.com/airlines/64/11.png,,,
98,"00","1",Anadolujet,https://images.kiwi.com/airlines/64/00.png,,,
99,REGIOJETT,"0",Regiojet Train,https://images.kiwi.com/airlines/64/REGIOJETT.png,,,
100,LT,"0",LongJiang Airlines,https://images.kiwi.com/airlines/64/LT.png,,,
101,XM,"0",Alitalia Express,https://images.kiwi.com/airlines/64/XM.png,,,
102,"4D","0",Air Sinai,https://images.kiwi.com/airlines/64/4D.png,,,
103,FK,"0",Africa West,https://images.kiwi.com/airlines/64/FK.png,,,
104,"2U","0",Air Guinee Express,https://images.kiwi.com/airlines/64/2U.png,,,
105,A7,"0",Calafia Airlines,https://images.kiwi.com/airlines/64/A7.png,,,
106,GG,"0",Air Guyane,https://images.kiwi.com/airlines/64/GG.png,,,
107,FL,"0",AirTran Airways,https://images.kiwi.com/airlines/64/FL.png,,,
108,TE,"0",FlyLal,https://images.kiwi.com/airlines/64/TE.png,,,
109,SE,"1",XL Airways France,https://images.kiwi.com/airlines/64/SE.png,,,
110,WF,"0",Widerøe,https://images.kiwi.com/airlines/64/WF.png,,,
111,S1,"0",Serbian Airlines,https://images.kiwi.com/airlines/64/S1.png,,,
112,II,"0",LSM International ,https://images.kiwi.com/airlines/64/II.png,,,
113,HN,"0",Hankook Airline,https://images.kiwi.com/airlines/64/HN.png,,,
114,NP,"0",Nile Air,https://images.kiwi.com/airlines/64/NP.png,,,
115,M1,"0",Maryland Air,https://images.kiwi.com/airlines/64/M1.png,,,
116,M2,"0",MHS Aviation GmbH,https://images.kiwi.com/airlines/64/M2.png,,,
117,IRCITYLINK,None,Irish Citylink,https://images.kiwi.com/airlines/64/IRCITYLINK.png,,,
118,VRG,"1",Voyage Air,https://images.kiwi.com/airlines/64/VRG.png,,,
119,WI,"0",White Airways,https://images.kiwi.com/airlines/64/WI.png,,,
120,NY,"1",Air Iceland Connect,https://images.kiwi.com/airlines/64/NY.png,,,
121,"4Z","0",Airlink (SAA),https://images.kiwi.com/airlines/64/4Z.png,,,
122,PT,"0",Red Jet Andes,https://images.kiwi.com/airlines/64/PT.png,,,
123,ZE,"1",Eastar Jet,https://images.kiwi.com/airlines/64/ZE.png,,,
124,MI,"0",SilkAir,https://images.kiwi.com/airlines/64/MI.png,,,
125,QR,"0",Qatar Airways,https://images.kiwi.com/airlines/64/QR.png,,,
126,"7F","0",First Air,https://images.kiwi.com/airlines/64/7F.png,,,
127,HG,"0",Niki,https://images.kiwi.com/airlines/64/HG.png,,,
128,RJ,"0",Royal Jordanian,https://images.kiwi.com/airlines/64/RJ.png,,,
129,NN,"1",VIM Airlines,https://images.kiwi.com/airlines/64/NN.png,,,
130,XQ,"1",SunExpress,https://images.kiwi.com/airlines/64/XQ.png,,,
131,"9U","0",Air Moldova,https://images.kiwi.com/airlines/64/9U.png,,,
132,PM,"0",Canary Fly,https://images.kiwi.com/airlines/64/PM.png,,,
133,GK,"0",Jetstar Japan,https://images.kiwi.com/airlines/64/GK.png,,,
134,IN,"0",Nam Air,https://images.kiwi.com/airlines/64/IN.png,,,
135,OO,"0",SkyWest,https://images.kiwi.com/airlines/64/OO.png,,,
136,DJ,"1",AirAsia Japan,https://images.kiwi.com/airlines/64/DJ.png,,,
137,OA,"0",Olympic Air,https://images.kiwi.com/airlines/64/OA.png,,,
138,ZM,"0",Air Manas,https://images.kiwi.com/airlines/64/ZM.png,,,
139,H1,"0",Hahn Air,https://images.kiwi.com/airlines/64/H1.png,,,
140,LS,"1",Jet2,https://images.kiwi.com/airlines/64/LS.png,,,
141,PP,"0",Air Indus,https://images.kiwi.com/airlines/64/PP.png,,,
142,I8,"0",Izhavia,https://images.kiwi.com/airlines/64/I8.png,,,
143,W8,"0",Cargojet Airways,https://images.kiwi.com/airlines/64/W8.png,,,
144,ZT,"0",Titan Airways,https://images.kiwi.com/airlines/64/ZT.png,,,
145,"4T","0",Belair,https://images.kiwi.com/airlines/64/4T.png,,,
146,QH,"0",Bamboo Airways,https://images.kiwi.com/airlines/64/QH.png,,,
147,I0,None,LEVEL operated by Iberia,https://images.kiwi.com/airlines/64/I0.png,,,
148,KO,"0",Komiaviatrans,https://images.kiwi.com/airlines/64/KO.png,,,
149,LEOEXT,None,LEOEXPRESS Train,https://images.kiwi.com/airlines/64/LEOEXT.png,,,
150,PJ,"0",Air Saint Pierre,https://images.kiwi.com/airlines/64/PJ.png,,,
151,"2I","1",Star Peru,https://images.kiwi.com/airlines/64/2I.png,,,
152,IQ,"0",Qazaq Air,https://images.kiwi.com/airlines/64/IQ.png,,,
153,VL,"0",Med-View Airline,https://images.kiwi.com/airlines/64/VL.png,,,
154,LEOEXB,None,LEOEXPRESS Bus,https://images.kiwi.com/airlines/64/LEOEXB.png,,,
155,KJ,"0",British Mediterranean Airways,https://images.kiwi.com/airlines/64/KJ.png,,,
156,BN,"0",Horizon Airlines,https://images.kiwi.com/airlines/64/BN.png,,,
157,LG,"0",Luxair,https://images.kiwi.com/airlines/64/LG.png,,,
158,O7,"0",Orenburzhye Airline,https://images.kiwi.com/airlines/64/O7.png,,,
159,QT,"0",TAMPA,https://images.kiwi.com/airlines/64/QT.png,,,
160,N7,"0",Nordic Regional Airlines,https://images.kiwi.com/airlines/64/N7.png,,,
161,FIUMICINO,None,Fiumicino express,https://images.kiwi.com/airlines/64/FIUMICINO.png,,,
162,"3J","0",Jubba Airways,https://images.kiwi.com/airlines/64/3J.png,,,
163,MARINO,"0",Marino Bus,https://images.kiwi.com/airlines/64/MARINO.png,,,
164,U1,"0",Aviabus,https://images.kiwi.com/airlines/64/U1.png,,,
165,"0X","0",Copenhagen Express,https://images.kiwi.com/airlines/64/0X.png,,,
166,"3E","0",Air Choice One,https://images.kiwi.com/airlines/64/3E.png,,,
167,MK,"0",Air Mauritius,https://images.kiwi.com/airlines/64/MK.png,,,
168,AP,"0",AlbaStar,https://images.kiwi.com/airlines/64/AP.png,,,
169,TERAVSN,None,Terravision,https://images.kiwi.com/airlines/64/TERAVSN.png,,,
170,MU,"0",China Eastern Airlines,https://images.kiwi.com/airlines/64/MU.png,,,
171,EXPRTRANS,None,Ekspres transfer,https://images.kiwi.com/airlines/64/EXPRTRANS.png,,,
172,"7E","0",Sylt Air,https://images.kiwi.com/airlines/64/7E.png,,,
173,CT,"0",Alitalia Cityliner,https://images.kiwi.com/airlines/64/CT.png,,,
174,OF,"0",Overland Airways,https://images.kiwi.com/airlines/64/OF.png,,,
175,WZ,"1",Red Wings,https://images.kiwi.com/airlines/64/WZ.png,,,
176,LI,"0",Leeward Islands Air Transport,https://images.kiwi.com/airlines/64/LI.png,,,
177,ZH,"0",Shenzhen Airlines,https://images.kiwi.com/airlines/64/ZH.png,,,
178,"8Q","1",Onur Air,https://images.kiwi.com/airlines/64/8Q.png,,,
179,NE,"0",Nesma Air,https://images.kiwi.com/airlines/64/NE.png,,,
180,UI,"0",Auric Air,https://images.kiwi.com/airlines/64/UI.png,,,
181,PK,"0",Pakistan International Airlines,https://images.kiwi.com/airlines/64/PK.png,,,
182,EI,"1",Aer Lingus,https://images.kiwi.com/airlines/64/EI.png,,,
183,LP,"0",LATAM Peru,https://images.kiwi.com/airlines/64/LP.png,,,
184,U8,"0",TUS Airways,https://images.kiwi.com/airlines/64/U8.png,,,
185,TC,"0",Air Tanzania,https://images.kiwi.com/airlines/64/TC.png,,,
186,E5,"0",Air Arabia Egypt,https://images.kiwi.com/airlines/64/E5.png,,,
187,WO,"0",Swoop,https://images.kiwi.com/airlines/64/WO.png,,,
188,RC,"0",Atlantic Airways,https://images.kiwi.com/airlines/64/RC.png,,,
189,A5,"1",HOP!,https://images.kiwi.com/airlines/64/A5.png,,,
190,B9,"0",Air Bangladesh,https://images.kiwi.com/airlines/64/B9.png,,,
191,"5Y","0",Atlas Air,https://images.kiwi.com/airlines/64/5Y.png,,,
192,"6G","0",Air Wales,https://images.kiwi.com/airlines/64/6G.png,,,
193,"6K","0",Asian Spirit,https://images.kiwi.com/airlines/64/6K.png,,,
194,R7,"0",Aserca Airlines,https://images.kiwi.com/airlines/64/R7.png,,,
195,VU,"0",Air Ivoire,https://images.kiwi.com/airlines/64/VU.png,,,
196,UM,"0",Air Zimbabwe,https://images.kiwi.com/airlines/64/UM.png,,,
197,NM,"0",Air Madrid,https://images.kiwi.com/airlines/64/NM.png,,,
198,FJ,"0",Fiji Airways,https://images.kiwi.com/airlines/64/FJ.png,,,
199,JS,"0",Air Koryo,https://images.kiwi.com/airlines/64/JS.png,,,
200,MD,"0",Air Madagascar,https://images.kiwi.com/airlines/64/MD.png,,,
201,"8D","0",Astair,https://images.kiwi.com/airlines/64/8D.png,,,
202,OT,"0",Aeropelican Air Services,https://images.kiwi.com/airlines/64/OT.png,,,
203,RE,"0",Stobart Air,https://images.kiwi.com/airlines/64/RE.png,,,
204,"5L","0",Aerosur,https://images.kiwi.com/airlines/64/5L.png,,,
205,Z3,"0",Avient Aviation,https://images.kiwi.com/airlines/64/Z3.png,,,
206,EC,"0",Avialeasing Aviation Company,https://images.kiwi.com/airlines/64/EC.png,,,
207,ZL,"1",Regional Express,https://images.kiwi.com/airlines/64/ZL.png,,,
208,J8,"0",Berjaya Air,https://images.kiwi.com/airlines/64/J8.png,,,
209,IO,"1",IrAero,https://images.kiwi.com/airlines/64/IO.png,,,
210,AS,"0",Alaska Airlines,https://images.kiwi.com/airlines/64/AS.png,,,
211,"7G","1",Star Flyer,https://images.kiwi.com/airlines/64/7G.png,,,
212,"2L","0",Helvetic Airways,https://images.kiwi.com/airlines/64/2L.png,,,
213,CITYLINK,None,Citylink,https://images.kiwi.com/airlines/64/CITYLINK.png,,,
214,FB,"0",Bulgaria Air,https://images.kiwi.com/airlines/64/FB.png,,,
215,OI,"0",Orchid Airlines,https://images.kiwi.com/airlines/64/OI.png,,,
216,APPENINO,None,Appenino shuttle ,https://images.kiwi.com/airlines/64/APPENINO.png,,,
217,EO,"0",Pegas Fly,https://images.kiwi.com/airlines/64/EO.png,,,
218,LV,"0",Level,https://images.kiwi.com/airlines/64/LV.png,,,
219,QI,"0",Cimber Air,https://images.kiwi.com/airlines/64/QI.png,,,
220,AC,"0",Air Canada,https://images.kiwi.com/airlines/64/AC.png,,,
221,LU,"0",LAN Express,https://images.kiwi.com/airlines/64/LU.png,,,
222,SY,"1",Sun Country Airlines,https://images.kiwi.com/airlines/64/SY.png,,,
223,WX,"0",CityJet,https://images.kiwi.com/airlines/64/WX.png,,,
224,BD,"0",Cambodia Bayon Airlines,https://images.kiwi.com/airlines/64/BD.png,,,
225,MS,"0",Egyptair,https://images.kiwi.com/airlines/64/MS.png,,,
226,I5,"0",AirAsia India,https://images.kiwi.com/airlines/64/I5.png,,,
227,PD,"1",Porter Airlines,https://images.kiwi.com/airlines/64/PD.png,,,
228,"8N","0",Regional Air Services,https://images.kiwi.com/airlines/64/8N.png,,,
229,PS,"0",Ukraine International Airlines,https://images.kiwi.com/airlines/64/PS.png,,,
230,FV,"0",Rossiya-Russian Airlines,https://images.kiwi.com/airlines/64/FV.png,,,
231,KR,"0",Cambodia Airways,https://images.kiwi.com/airlines/64/KR.png,,,
232,W9,"0",Wizz Air UK,https://images.kiwi.com/airlines/64/W9.png,,,
233,"2K","0",Avianca Ecuador,https://images.kiwi.com/airlines/64/2K.png,,,
234,"3O","0",Air Arabia Maroc,https://images.kiwi.com/airlines/64/3O.png,,,
235,LR,"0",Avianca Costa Rica,https://images.kiwi.com/airlines/64/LR.png,,,
236,JJ,"0",LATAM Brasil,https://images.kiwi.com/airlines/64/JJ.png,,,
237,OPENSKIES,"1",Openskies,https://images.kiwi.com/airlines/64/OPENSKIES.png,,,
238,NF,"0",Air Vanuatu,https://images.kiwi.com/airlines/64/NF.png,,,
239,GS,"0",Tianjin Airlines,https://images.kiwi.com/airlines/64/GS.png,,,
240,EN,"0",Air Dolomiti,https://images.kiwi.com/airlines/64/EN.png,,,
241,AJ,"0",Aero Contractors,https://images.kiwi.com/airlines/64/AJ.png,,,
242,BS,"0",British International Helicopters,https://images.kiwi.com/airlines/64/BS.png,,,
243,CH,"0",Bemidji Airlines,https://images.kiwi.com/airlines/64/CH.png,,,
244,"8E","0",Bering Air,https://images.kiwi.com/airlines/64/8E.png,,,
245,"4R","0",Renfe,https://images.kiwi.com/airlines/64/4R.png,,,
246,FE,None,Far Eastern Air Transport,https://images.kiwi.com/airlines/64/FE.png,,,
247,DQ,"0",Coastal Air,https://images.kiwi.com/airlines/64/DQ.png,,,
248,"6A","0",Consorcio Aviaxsa,https://images.kiwi.com/airlines/64/6A.png,,,
249,SS,"0",Corsair International,https://images.kiwi.com/airlines/64/SS.png,,,
250,YK,"0",Avia Traffic Airline,https://images.kiwi.com/airlines/64/YK.png,,,
251,DO,"0",Dominicana de Aviaci,https://images.kiwi.com/airlines/64/DO.png,,,
252,E3,"0",Domodedovo Airlines,https://images.kiwi.com/airlines/64/E3.png,,,
253,H7,"0",Eagle Air,https://images.kiwi.com/airlines/64/H7.png,,,
254,T3,"0",Eastern Airways,https://images.kiwi.com/airlines/64/T3.png,,,
255,UZ,"0",El-Buraq Air Transport,https://images.kiwi.com/airlines/64/UZ.png,,,
256,B8,"0",Eritrean Airlines,https://images.kiwi.com/airlines/64/B8.png,,,
257,EA,"0",European Air Express,https://images.kiwi.com/airlines/64/EA.png,,,
258,GF,"0",Gulf Air Bahrain,https://images.kiwi.com/airlines/64/GF.png,,,
259,TY,"0",Air Caledonie,https://images.kiwi.com/airlines/64/TY.png,,,
260,L8,"0",Line Blue,https://images.kiwi.com/airlines/64/L8.png,,,
261,LEOEXM,"0",LEOEXPRESS Minibus,https://images.kiwi.com/airlines/64/LEOEXM.png,,,
262,"5U","0",Transportes Aéreos Guatemaltecos,https://images.kiwi.com/airlines/64/5U.png,,,
263,P7,"0",Small Planet Airline,https://images.kiwi.com/airlines/64/P7.png,,,
264,"8I","0",MyAir,https://images.kiwi.com/airlines/64/8I.png,,,
265,XK,"0",Air Corsica,https://images.kiwi.com/airlines/64/XK.png,,,
266,FW,"0",Ibex Airlines,https://images.kiwi.com/airlines/64/FW.png,,,
267,I7,"0",Int'Air Iles,https://images.kiwi.com/airlines/64/I7.png,,,
268,LO,"0",LOT Polish Airlines,https://images.kiwi.com/airlines/64/LO.png,,,
269,B2,"0",Belavia Belarusian Airlines,https://images.kiwi.com/airlines/64/B2.png,,,
270,"2T","0",TruJet,https://images.kiwi.com/airlines/64/2T.png,,,
271,TS,"0",Air Transat,https://images.kiwi.com/airlines/64/TS.png,,,
272,OU,"0",Croatia Airlines,https://images.kiwi.com/airlines/64/OU.png,,,
273,VX,"1",Virgin America,https://images.kiwi.com/airlines/64/VX.png,,,
274,D2,"1",Severstal Air Company,https://images.kiwi.com/airlines/64/D2.png,,,
275,KF,"0",Air Belgium,https://images.kiwi.com/airlines/64/KF.png,,,
276,JN,"0",JOON,https://images.kiwi.com/airlines/64/JN.png,,,
277,EH,"0",ANA Wings,https://images.kiwi.com/airlines/64/EH.png,,,
278,XT,"0",Indonesia AirAsia X,https://images.kiwi.com/airlines/64/XT.png,,,
279,TA,"0",Avianca El Salvador,https://images.kiwi.com/airlines/64/TA.png,,,
280,UD,"0",Hex'Air,https://images.kiwi.com/airlines/64/UD.png,,,
281,RZ,"0",Sansa Air,https://images.kiwi.com/airlines/64/RZ.png,,,
282,"4G","0",Gazpromavia,https://images.kiwi.com/airlines/64/4G.png,,,
283,G0,"0",Ghana International Airlines,https://images.kiwi.com/airlines/64/G0.png,,,
284,IC,"0",Indian Airlines,https://images.kiwi.com/airlines/64/IC.png,,,
285,D6,"0",Interair South Africa,https://images.kiwi.com/airlines/64/D6.png,,,
286,KV,"0",Kavminvodyavia,https://images.kiwi.com/airlines/64/KV.png,,,
287,M5,"0",Kenmore Air,https://images.kiwi.com/airlines/64/M5.png,,,
288,Y9,"0",Kish Air,https://images.kiwi.com/airlines/64/Y9.png,,,
289,"7K","0",Kogalymavia Air Company,https://images.kiwi.com/airlines/64/7K.png,,,
290,GW,"0",Kuban Airlines,https://images.kiwi.com/airlines/64/GW.png,,,
291,NG,"0",Lauda Air,https://images.kiwi.com/airlines/64/NG.png,,,
292,"4P","0",Regional sky,https://images.kiwi.com/airlines/64/4P.png,,,
293,O2,"0",Linear Air,https://images.kiwi.com/airlines/64/O2.png,,,
294,LN,"0",Libyan Arab Airlines,https://images.kiwi.com/airlines/64/LN.png,,,
295,MP,"0",Martinair,https://images.kiwi.com/airlines/64/MP.png,,,
296,MZ,"0",Merpati Nusantara Airlines,https://images.kiwi.com/airlines/64/MZ.png,,,
297,YV,"0",Mesa Airlines,https://images.kiwi.com/airlines/64/YV.png,,,
298,MX,"0",Mexicana de Aviaci,https://images.kiwi.com/airlines/64/MX.png,,,
299,MY,"0",Midwest Airlines (Egypt),https://images.kiwi.com/airlines/64/MY.png,,,
300,"2M","0",Maya Island Air,https://images.kiwi.com/airlines/64/2M.png,,,
301,"3R","0",Moskovia Airlines,https://images.kiwi.com/airlines/64/3R.png,,,
302,M9,"0",Motor Sich,https://images.kiwi.com/airlines/64/M9.png,,,
303,NC,"0",National Jet Systems,https://images.kiwi.com/airlines/64/NC.png,,,
304,RL,"0",Royal Falcon,https://images.kiwi.com/airlines/64/RL.png,,,
305,BU,"0",Baikotovitchestrian Airlines ,https://images.kiwi.com/airlines/64/BU.png,,,
306,"8J","0",Eco Jet,https://images.kiwi.com/airlines/64/8J.png,,,
307,LUFTHBUS,None,Lufthansa express bus,https://images.kiwi.com/airlines/64/LUFTHBUS.png,,,
308,PI,"0",Polar Airlines,https://images.kiwi.com/airlines/64/PI.png,,,
309,"9B","0",AccesRail,https://images.kiwi.com/airlines/64/9B.png,,,
310,I9,"0",Air Italy,https://images.kiwi.com/airlines/64/I9.png,,,
311,ESTLOREK,None,EST Lorek,https://images.kiwi.com/airlines/64/ESTLOREK.png,,,
312,MQ,"0",Envoy Air as American Eagle,https://images.kiwi.com/airlines/64/MQ.png,,,
313,SLOVAKLNS,None,Slovak Lines ,https://images.kiwi.com/airlines/64/SLOVAKLNS.png,,,
314,PH,"0",Polynesian Airlines,https://images.kiwi.com/airlines/64/PH.png,,,
315,EY,"0",Etihad Airways,https://images.kiwi.com/airlines/64/EY.png,,,
316,WY,"0",Oman Air,https://images.kiwi.com/airlines/64/WY.png,,,
317,SZ,"0",Somon Air,https://images.kiwi.com/airlines/64/SZ.png,,,
318,OK,"0",Czech Airlines,https://images.kiwi.com/airlines/64/OK.png,,,
319,A9,"0",Georgian Airways,https://images.kiwi.com/airlines/64/A9.png,,,
320,"8P","0",Pacific Coastal Airline,https://images.kiwi.com/airlines/64/8P.png,,,
321,AY,"0",Finnair,https://images.kiwi.com/airlines/64/AY.png,,,
322,U4,"0",Buddha Air,https://images.kiwi.com/airlines/64/U4.png,,,
323,RQ,"0",Kam Air,https://images.kiwi.com/airlines/64/RQ.png,,,
324,GZ,"0",Air Rarotonga,https://images.kiwi.com/airlines/64/GZ.png,,,
325,YX,"0",Republic Airline,https://images.kiwi.com/airlines/64/YX.png,,,
326,G7,"0",GoJet Airlines,https://images.kiwi.com/airlines/64/G7.png,,,
327,ON,"0",Nauru Air Corporation,https://images.kiwi.com/airlines/64/ON.png,,,
328,QB,"0",Qeshm Air,https://images.kiwi.com/airlines/64/QB.png,,,
329,V7,"1",Volotea,https://images.kiwi.com/airlines/64/V7.png,,,
330,RH,"0",Republic Express Airlines,https://images.kiwi.com/airlines/64/RH.png,,,
331,"3P","0",Tiara Air,https://images.kiwi.com/airlines/64/3P.png,,,
332,RA,"0",Nepal Airlines,https://images.kiwi.com/airlines/64/RA.png,,,
333,KE,"0",Korean Air,https://images.kiwi.com/airlines/64/KE.png,,,
334,CG,"0",PNG Air,https://images.kiwi.com/airlines/64/CG.png,,,
335,EJ,"0",New England Airlines,https://images.kiwi.com/airlines/64/EJ.png,,,
336,U7,"0",Northern Dene Airways,https://images.kiwi.com/airlines/64/U7.png,,,
337,J3,"0",Northwestern Air,https://images.kiwi.com/airlines/64/J3.png,,,
338,O6,"0",Avianca Brazil,https://images.kiwi.com/airlines/64/O6.png,,,
339,PV,"0",PAN Air,https://images.kiwi.com/airlines/64/PV.png,,,
340,PU,"0",Plus Ultra Lineas Aereas,https://images.kiwi.com/airlines/64/PU.png,,,
341,LZ,"0",belleair,https://images.kiwi.com/airlines/64/LZ.png,,,
342,JH,"0",Fuji Dream Airlines,https://images.kiwi.com/airlines/64/JH.png,,,
343,"8F","0",STP Airways,https://images.kiwi.com/airlines/64/8F.png,,,
344,QQ,"0",Alliance Airlines,https://images.kiwi.com/airlines/64/QQ.png,,,
345,MN,"1",Kulula,https://images.kiwi.com/airlines/64/MN.png,,,
346,NU,"0",Japan Transocean Air,https://images.kiwi.com/airlines/64/NU.png,,,
347,EK,"0",Emirates,https://images.kiwi.com/airlines/64/EK.png,,,
348,IK,"0",Pegas Fly,https://images.kiwi.com/airlines/64/IK.png,,,
349,"9E","0",Endeavor Air,https://images.kiwi.com/airlines/64/9E.png,,,
350,OY,"0",Andes Líneas Aéreas,https://images.kiwi.com/airlines/64/OY.png,,,
351,Z2,"0",Philippines AirAsia,https://images.kiwi.com/airlines/64/Z2.png,,,
352,BB,"0",Seaborne Airlines,https://images.kiwi.com/airlines/64/BB.png,,,
353,CX,"0",Cathay Pacific,https://images.kiwi.com/airlines/64/CX.png,,,
354,CZECHRAILB,None,Czech Rail bus,https://images.kiwi.com/airlines/64/CZECHRAILB.png,,,
355,GM,"0",Chair Airlines,https://images.kiwi.com/airlines/64/GM.png,,,
356,J4,"0",Badr Airlines,https://images.kiwi.com/airlines/64/J4.png,,,
357,PZ,"0",LATAM Paraguay,https://images.kiwi.com/airlines/64/PZ.png,,,
358,BK,"0",Okay Airways,https://images.kiwi.com/airlines/64/BK.png,,,
359,"5M","0",Sibaviatrans,https://images.kiwi.com/airlines/64/5M.png,,,
360,ZS,"0",Sama Airlines,https://images.kiwi.com/airlines/64/ZS.png,,,
361,FT,"0",FlyEgypt FT,https://images.kiwi.com/airlines/64/FT.png,,,
362,FS,"0",Servicios de Transportes A,https://images.kiwi.com/airlines/64/FS.png,,,
363,SD,"0",Sudan Airways,https://images.kiwi.com/airlines/64/SD.png,,,
364,RB,"0",Syrian Arab Airlines,https://images.kiwi.com/airlines/64/RB.png,,,
365,S5,"0",Shuttle America,https://images.kiwi.com/airlines/64/S5.png,,,
366,FQ,"0",Thomas Cook Airlines,https://images.kiwi.com/airlines/64/FQ.png,,,
367,GE,"0",TransAsia Airways,https://images.kiwi.com/airlines/64/GE.png,,,
368,VR,"0",TACV,https://images.kiwi.com/airlines/64/VR.png,,,
369,HK,"0",Yangon Airways,https://images.kiwi.com/airlines/64/HK.png,,,
370,EXPRESSBUS,None,ExpressBus,https://images.kiwi.com/airlines/64/EXPRESSBUS.png,,,
371,XZ,"0",Congo Express,https://images.kiwi.com/airlines/64/XZ.png,,,
372,G4,"1",Allegiant Air,https://images.kiwi.com/airlines/64/G4.png,,,
373,BY,"1",TUI Airways,https://images.kiwi.com/airlines/64/BY.png,,,
374,IY,"0",Yemenia,https://images.kiwi.com/airlines/64/IY.png,,,
375,G6,"0",Air Volga,https://images.kiwi.com/airlines/64/G6.png,,,
376,Q2,"0",Maldivian,https://images.kiwi.com/airlines/64/Q2.png,,,
377,KW,"0",Carnival Air Lines,https://images.kiwi.com/airlines/64/KW.png,,,
378,S6,"0",Sunrise Airways,https://images.kiwi.com/airlines/64/S6.png,,,
379,AX,"0",Trans States Airlines,https://images.kiwi.com/airlines/64/AX.png,,,
380,"3T","0",Turan Air,https://images.kiwi.com/airlines/64/3T.png,,,
381,U5,"0",USA3000 Airlines,https://images.kiwi.com/airlines/64/U5.png,,,
382,UF,"0",UM Airlines,https://images.kiwi.com/airlines/64/UF.png,,,
383,US,"0",US Airways,https://images.kiwi.com/airlines/64/US.png,,,
384,TV,"0",Tibet Airlines,https://images.kiwi.com/airlines/64/TV.png,,,
385,"2W","0",Welcome Air,https://images.kiwi.com/airlines/64/2W.png,,,
386,"8O","0",West Coast Air,https://images.kiwi.com/airlines/64/8O.png,,,
387,IV,"0",Wind Jet,https://images.kiwi.com/airlines/64/IV.png,,,
388,MF,"0",Xiamen Airlines,https://images.kiwi.com/airlines/64/MF.png,,,
389,"9Y","0",Air Kazakhstan,https://images.kiwi.com/airlines/64/9Y.png,,,
390,B7,"0",Uni Air,https://images.kiwi.com/airlines/64/B7.png,,,
391,H8,"0",Latin American Wings,https://images.kiwi.com/airlines/64/H8.png,,,
392,"47","0","88",https://images.kiwi.com/airlines/64/47.png,,,
393,"69","0",Royal European Airlines,https://images.kiwi.com/airlines/64/69.png,,,
394,"7Y","0",Mann Yadanarpon Airlines,https://images.kiwi.com/airlines/64/7Y.png,,,
395,"4L","0",Euroline,https://images.kiwi.com/airlines/64/4L.png,,,
396,ZF,"0",Azur Air,https://images.kiwi.com/airlines/64/ZF.png,,,
397,"6P","0",Gryphon Airlines,https://images.kiwi.com/airlines/64/6P.png,,,
398,JR,"0",Joy Air,https://images.kiwi.com/airlines/64/JR.png,,,
399,UR,"0",Azur Air Germany,https://images.kiwi.com/airlines/64/UR.png,,,
400,TI,"0",Tailwind Airlines,https://images.kiwi.com/airlines/64/TI.png,,,
401,"5F","1",Fly One,https://images.kiwi.com/airlines/64/5F.png,,,
402,KT,"0",VickJet,https://images.kiwi.com/airlines/64/KT.png,,,
403,H5,"0",I-Fly,https://images.kiwi.com/airlines/64/H5.png,,,
404,G5,"0",China Express Airlines,https://images.kiwi.com/airlines/64/G5.png,,,
405,D1,"0",Domenican Airlines,https://images.kiwi.com/airlines/64/D1.png,,,
406,C4,"0",LionXpress,https://images.kiwi.com/airlines/64/C4.png,,,
407,P8,"0",Air Mekong,https://images.kiwi.com/airlines/64/P8.png,,,
408,VG,"0",VLM Airlines,https://images.kiwi.com/airlines/64/VG.png,,,
409,SVENSKABUS,None,Svenska Buss,https://images.kiwi.com/airlines/64/SVENSKABUS.png,,,
410,V6,"0",VIP Ecuador,https://images.kiwi.com/airlines/64/V6.png,,,
411,"7Z","0",Halcyonair,https://images.kiwi.com/airlines/64/7Z.png,,,
412,NB,"0",Sterling Airlines,https://images.kiwi.com/airlines/64/NB.png,,,
413,"1T","0",Hitit Bilgisayar Hizmetleri,https://images.kiwi.com/airlines/64/1T.png,,,
414,"6Y","0",SmartLynx Airlines,https://images.kiwi.com/airlines/64/6Y.png,,,
415,"2Q","0",Air Cargo Carriers,https://images.kiwi.com/airlines/64/2Q.png,,,
416,OC,"0",Oriental Air Bridge,https://images.kiwi.com/airlines/64/OC.png,,,
417,TD,"0",Atlantis European Airways,https://images.kiwi.com/airlines/64/TD.png,,,
418,NO,"1",Neos Air,https://images.kiwi.com/airlines/64/NO.png,,,
419,"4Q","0",Safi Airlines,https://images.kiwi.com/airlines/64/4Q.png,,,
420,YM,"0",Montenegro Airlines,https://images.kiwi.com/airlines/64/YM.png,,,
421,"7P","1",AirPanama,https://images.kiwi.com/airlines/64/7P.png,,,
422,DT,"0",TAAG Angola Airlines,https://images.kiwi.com/airlines/64/DT.png,,,
423,A4,"0",Azimuth,https://images.kiwi.com/airlines/64/A4.png,,,
424,VK,"0",LEVEL operated by ANISEC,https://images.kiwi.com/airlines/64/VK.png,,,
425,"7Q","0",Elite Airways,https://images.kiwi.com/airlines/64/7Q.png,,,
426,DZ,"0",Donghai Airlines,https://images.kiwi.com/airlines/64/DZ.png,,,
427,YQ,"0",TAR Aerolineas,https://images.kiwi.com/airlines/64/YQ.png,,,
428,"6J","0",Solaseed Air,https://images.kiwi.com/airlines/64/6J.png,,,
429,E4,"0",Elysian Airlines,https://images.kiwi.com/airlines/64/E4.png,,,
430,D3,"0",Daallo Airlines,https://images.kiwi.com/airlines/64/D3.png,,,
431,IA,"0",Iraqi Airways,https://images.kiwi.com/airlines/64/IA.png,,,
432,XO,"0",LTE International Airways,https://images.kiwi.com/airlines/64/XO.png,,,
433,CE,"0",Chalair,https://images.kiwi.com/airlines/64/CE.png,,,
434,"7L","0",Sun D'Or,https://images.kiwi.com/airlines/64/7L.png,,,
435,JK,"0",Spanair,https://images.kiwi.com/airlines/64/JK.png,,,
436,S3,"0",SBA Airlines,https://images.kiwi.com/airlines/64/S3.png,,,
437,UH,"0",AtlasGlobal Ukraine,https://images.kiwi.com/airlines/64/UH.png,,,
438,VI,"0",Volga-Dnepr Airlines,https://images.kiwi.com/airlines/64/VI.png,,,
439,GY,"0",Colorful Guizhou Airlines,https://images.kiwi.com/airlines/64/GY.png,,,
440,"5P","0",Small Planet Airlines,https://images.kiwi.com/airlines/64/5P.png,,,
441,M4,"0",Mistral Air,https://images.kiwi.com/airlines/64/M4.png,,,
442,R8,"0",AirRussia,https://images.kiwi.com/airlines/64/R8.png,,,
443,"12","0","12 North",https://images.kiwi.com/airlines/64/12.png,,,
444,QD,"0",JC International Airlines,https://images.kiwi.com/airlines/64/QD.png,,,
445,QM,"0",Air Malawi,https://images.kiwi.com/airlines/64/QM.png,,,
446,XV,"0",BVI Airways,https://images.kiwi.com/airlines/64/XV.png,,,
447,L6,"0",Mauritania Airlines International,https://images.kiwi.com/airlines/64/L6.png,,,
448,DX,"0",DAT Danish Air Transport,https://images.kiwi.com/airlines/64/DX.png,,,
449,HC,"0",Air Senegal,https://images.kiwi.com/airlines/64/HC.png,,,
450,V9,"0",Star1 Airlines,https://images.kiwi.com/airlines/64/V9.png,,,
451,STANSTDEXP,None,Stansted Express,https://images.kiwi.com/airlines/64/STANSTDEXP.png,,,
452,"1B","0",Abacus International,https://images.kiwi.com/airlines/64/1B.png,,,
453,HT,"0",Hellenic Imperial Airways,https://images.kiwi.com/airlines/64/HT.png,,,
454,"1I","0",NetJets,https://images.kiwi.com/airlines/64/1I.png,,,
455,"9Q","0",PB Air,https://images.kiwi.com/airlines/64/9Q.png,,,
456,SB,"0",Aircalin,https://images.kiwi.com/airlines/64/SB.png,,,
457,YO,"0",TransHolding System,https://images.kiwi.com/airlines/64/YO.png,,,
458,MB,"0",MNG Airlines,https://images.kiwi.com/airlines/64/MB.png,,,
459,"3F","0",Fly Colombia ( Interliging Flights ),https://images.kiwi.com/airlines/64/3F.png,,,
460,ZN,"0",Zenith International Airline,https://images.kiwi.com/airlines/64/ZN.png,,,
461,R5,"0",Jordan Aviation,https://images.kiwi.com/airlines/64/R5.png,,,
462,NX,"0",Air Macau,https://images.kiwi.com/airlines/64/NX.png,,,
463,"4N","0",Air North,https://images.kiwi.com/airlines/64/4N.png,,,
464,QJ,"0",Jet Airways,https://images.kiwi.com/airlines/64/QJ.png,,,
465,EV,"0",ExpressJet,https://images.kiwi.com/airlines/64/EV.png,,,
466,"3G","0",Atlant-Soyuz Airlines,https://images.kiwi.com/airlines/64/3G.png,,,
467,"2F","0",Frontier Flying Service,https://images.kiwi.com/airlines/64/2F.png,,,
468,VO,"0",FlyVLM,https://images.kiwi.com/airlines/64/VO.png,,,
469,"2B","0",AlbaWings,https://images.kiwi.com/airlines/64/2B.png,,,
470,"3B","0",Binter Cabo Verde,https://images.kiwi.com/airlines/64/3B.png,,,
471,FM,"0",Shanghai Airlines,https://images.kiwi.com/airlines/64/FM.png,,,
472,WJ,"0",JetSMART Argentina,https://images.kiwi.com/airlines/64/WJ.png,,,
473,AU,"0",Austral Lineas Aereas,https://images.kiwi.com/airlines/64/AU.png,,,
474,H6,"0",Bulgarian Air Charter,https://images.kiwi.com/airlines/64/H6.png,,,
475,HF,"0",Air Cote d'Ivoire,https://images.kiwi.com/airlines/64/HF.png,,,
476,ZA,"0",Sky Angkor Airlines,https://images.kiwi.com/airlines/64/ZA.png,,,
477,JF,"0",Jetairfly,https://images.kiwi.com/airlines/64/JF.png,,,
478,WA,"0",KLM Cityhopper,https://images.kiwi.com/airlines/64/WA.png,,,
479,GO,"0",Kuzu Airlines Cargo,https://images.kiwi.com/airlines/64/GO.png,,,
480,L3,"0",LTU Austria,https://images.kiwi.com/airlines/64/L3.png,,,
481,HE,"0",Luftfahrtgesellschaft Walter,https://images.kiwi.com/airlines/64/HE.png,,,
482,DM,"0",Maersk,https://images.kiwi.com/airlines/64/DM.png,,,
483,NW,"0",Northwest Airlines,https://images.kiwi.com/airlines/64/NW.png,,,
484,O8,"0",Siam Air,https://images.kiwi.com/airlines/64/O8.png,,,
485,QO,"0",Origin Pacific Airways,https://images.kiwi.com/airlines/64/QO.png,,,
486,NI,"0",Portugalia,https://images.kiwi.com/airlines/64/NI.png,,,
487,RD,"0",Ryan International Airlines,https://images.kiwi.com/airlines/64/RD.png,,,
488,YS,"0",Régional,https://images.kiwi.com/airlines/64/YS.png,,,
489,AL,"0",Skywalk Airlines,https://images.kiwi.com/airlines/64/AL.png,,,
490,"9S","0",Spring Airlines,https://images.kiwi.com/airlines/64/9S.png,,,
491,"9T","0",Transwest Air,https://images.kiwi.com/airlines/64/9T.png,,,
492,"6B","0",TUIfly Nordic,https://images.kiwi.com/airlines/64/6B.png,,,
493,ZG,"0",Grozny Avia,https://images.kiwi.com/airlines/64/ZG.png,,,
494,"8Z","0",Wizz Air Hungary,https://images.kiwi.com/airlines/64/8Z.png,,,
495,CV,"0",Air Chathams,https://images.kiwi.com/airlines/64/CV.png,,,
496,SP,"0",SATA Air Acores,https://images.kiwi.com/airlines/64/SP.png,,,
497,LF,"0",Contour Airlines,https://images.kiwi.com/airlines/64/LF.png,,,
498,WQ,"0",Swiftair,https://images.kiwi.com/airlines/64/WQ.png,,,
499,"78","0",Southjet cargo,https://images.kiwi.com/airlines/64/78.png,,,
500,YL,"0",Yamal Airlines,https://images.kiwi.com/airlines/64/YL.png,,,
501,K1,"0",Kostromskie avialinii,https://images.kiwi.com/airlines/64/K1.png,,,
502,PO,"0",Polar Airlines,https://images.kiwi.com/airlines/64/PO.png,,,
503,JB,"0",Helijet,https://images.kiwi.com/airlines/64/JB.png,,,
504,L4,"0",LASA Argentina,https://images.kiwi.com/airlines/64/L4.png,,,
505,ZX,"0",Japan Regio,https://images.kiwi.com/airlines/64/ZX.png,,,
506,CQ,"0",Coastal Aviation,https://images.kiwi.com/airlines/64/CQ.png,,,
507,BQ,"0",Buquebus Líneas Aéreas,https://images.kiwi.com/airlines/64/BQ.png,,,
508,VIARAILCAD,None,VIA Rail Canada,https://images.kiwi.com/airlines/64/VIARAILCAD.png,,,
509,HI,"0",Papillon Grand Canyon Helicopters,https://images.kiwi.com/airlines/64/HI.png,,,
510,SJRAIL,None,Swedish Railways,https://images.kiwi.com/airlines/64/SJRAIL.png,,,
511,YR,"0",SENIC AIRLINES,https://images.kiwi.com/airlines/64/YR.png,,,
512,M7,"0",MasAir,https://images.kiwi.com/airlines/64/M7.png,,,
513,AN,"0",Ansett Australia,https://images.kiwi.com/airlines/64/AN.png,,,
514,MR,"0",Hunnu Air,https://images.kiwi.com/airlines/64/MR.png,,,
515,YY,"0",Virginwings,https://images.kiwi.com/airlines/64/YY.png,,,
516,"4K","0",Askari Aviation,https://images.kiwi.com/airlines/64/4K.png,,,
517,QC,"0",Camair-co,https://images.kiwi.com/airlines/64/QC.png,,,
518,OG,"0",AirOnix,https://images.kiwi.com/airlines/64/OG.png,,,
519,"8U","0",Afriqiyah Airways,https://images.kiwi.com/airlines/64/8U.png,,,
520,FG,"0",Ariana Afghan Airlines,https://images.kiwi.com/airlines/64/FG.png,,,
521,GV,"0",Grant Aviation,https://images.kiwi.com/airlines/64/GV.png,,,
522,BH,"0",Hawkair,https://images.kiwi.com/airlines/64/BH.png,,,
523,"8H","0",Heli France,https://images.kiwi.com/airlines/64/8H.png,,,
524,T4,"0",Hellas Jet,https://images.kiwi.com/airlines/64/T4.png,,,
525,CL,"0",Lufthansa CityLine,https://images.kiwi.com/airlines/64/CL.png,,,
526,GH,"0",Globus,https://images.kiwi.com/airlines/64/GH.png,,,
527,"4M","0",LATAM Argentina,https://images.kiwi.com/airlines/64/4M.png,,,
528,WU,"0",Jetways Airlines Limited,https://images.kiwi.com/airlines/64/WU.png,,,
529,FU,"0",Fuzhou Airlines,https://images.kiwi.com/airlines/64/FU.png,,,
530,HW,"0",Hello,https://images.kiwi.com/airlines/64/HW.png,,,
531,L5,"0",Atlas Atlantique Airlines,https://images.kiwi.com/airlines/64/L5.png,,,
532,OM,"0",MIAT Mongolian Airlines,https://images.kiwi.com/airlines/64/OM.png,,,
533,W5,"0",Mahan Air,https://images.kiwi.com/airlines/64/W5.png,,,
534,MA,"0",Malév,https://images.kiwi.com/airlines/64/MA.png,,,
535,N5,"0",Skagway Air Service,https://images.kiwi.com/airlines/64/N5.png,,,
536,VP,"0",VASP,https://images.kiwi.com/airlines/64/VP.png,,,
537,"4H","0",United Airways,https://images.kiwi.com/airlines/64/4H.png,,,
538,SO,"0",Salsa d\'Haiti,https://images.kiwi.com/airlines/64/SO.png,,,
539,ZC,"0",Korongo Airlines,https://images.kiwi.com/airlines/64/ZC.png,,,
540,WH,"0",China Northwest Airlines (WH),https://images.kiwi.com/airlines/64/WH.png,,,
541,"5Q","0",BQB Lineas Aereas,https://images.kiwi.com/airlines/64/5Q.png,,,
542,KG,"0",Royal Airways,https://images.kiwi.com/airlines/64/KG.png,,,
543,YH,"0",Yangon Airways Ltd.,https://images.kiwi.com/airlines/64/YH.png,,,
544,Q3,"0",Anguilla Air Services,https://images.kiwi.com/airlines/64/Q3.png,,,
545,CB,"0",CCML Airlines,https://images.kiwi.com/airlines/64/CB.png,,,
546,GB,"0",BRAZIL AIR,https://images.kiwi.com/airlines/64/GB.png,,,
547,N1,"0",N1,https://images.kiwi.com/airlines/64/N1.png,,,
548,G1,"0",Indya Airline Group,https://images.kiwi.com/airlines/64/G1.png,,,
549,M3,"0",Air Norway,https://images.kiwi.com/airlines/64/M3.png,,,
550,OP,None,PassionAir,https://images.kiwi.com/airlines/64/OP.png,,,
551,QU,None,Azur Air Ukraine,https://images.kiwi.com/airlines/64/QU.png,,,
552,"24","0",Euro Jet,https://images.kiwi.com/airlines/64/24.png,,,
553,EZ,"0",Evergreen International Airlines,https://images.kiwi.com/airlines/64/EZ.png,,,
554,SUNLINES,None,Sun lines,https://images.kiwi.com/airlines/64/SUNLINES.png,,,
555,ZY,"0",Ada Air,https://images.kiwi.com/airlines/64/ZY.png,,,
556,C1,"0",CanXpress,https://images.kiwi.com/airlines/64/C1.png,,,
557,EM,"0",Empire Airlines,https://images.kiwi.com/airlines/64/EM.png,,,
558,C5,"0",CommutAir,https://images.kiwi.com/airlines/64/C5.png,,,
559,C3,"0",Contact Air,https://images.kiwi.com/airlines/64/C3.png,,,
560,CS,"0",Continental Micronesia,https://images.kiwi.com/airlines/64/CS.png,,,
561,"0D","0",Darwin Airline,https://images.kiwi.com/airlines/64/0D.png,,,
562,DK,"0",Eastland Air,https://images.kiwi.com/airlines/64/DK.png,,,
563,XE,"0",ExpressJet,https://images.kiwi.com/airlines/64/XE.png,,,
564,RF,"0",Florida West International Airways,https://images.kiwi.com/airlines/64/RF.png,,,
565,TU,"0",Tunisair,https://images.kiwi.com/airlines/64/TU.png,,,
566,T7,"0",Twin Jet,https://images.kiwi.com/airlines/64/T7.png,,,
567,VA,"1",Virgin Australia Airlines,https://images.kiwi.com/airlines/64/VA.png,,,
568,W1,"0",World Experience Airline,https://images.kiwi.com/airlines/64/W1.png,,,
569,ZQ,"0",Locair,https://images.kiwi.com/airlines/64/ZQ.png,,,
570,I6,"0",Air indus,https://images.kiwi.com/airlines/64/I6.png,,,
571,OQ,"0",Chongqing Airlines,https://images.kiwi.com/airlines/64/OQ.png,,,
572,"1C","0",OneChina,https://images.kiwi.com/airlines/64/1C.png,,,
573,PA,"1",Airblue,https://images.kiwi.com/airlines/64/PA.png,,,
574,RG,"0",Rotana Jet,https://images.kiwi.com/airlines/64/RG.png,,,
575,TJ,"0",Tradewind Aviation,https://images.kiwi.com/airlines/64/TJ.png,,,
576,DN,"0",Norwegian Air Argentina,https://images.kiwi.com/airlines/64/DN.png,,,
577,NS,"0",Hebei Airlines,https://images.kiwi.com/airlines/64/NS.png,,,
578,VF,"0",Valuair,https://images.kiwi.com/airlines/64/VF.png,,,
579,HM,"0",Air Seychelles,https://images.kiwi.com/airlines/64/HM.png,,,
580,KN,"0",China United,https://images.kiwi.com/airlines/64/KN.png,,,
581,W2,"0",Flexflight,https://images.kiwi.com/airlines/64/W2.png,,,
582,NA,"0",Nesma Air,https://images.kiwi.com/airlines/64/NA.png,,,
583,"9I","0",Alliance Air,https://images.kiwi.com/airlines/64/9I.png,,,
584,TH,"0",TransBrasil Airlines,https://images.kiwi.com/airlines/64/TH.png,,,
585,Y1,"0",Yellowstone Club Private Shuttle,https://images.kiwi.com/airlines/64/Y1.png,,,
586,F1,"0",Fly Brasil,https://images.kiwi.com/airlines/64/F1.png,,,
587,"1F","0",CB Airways UK ( Interliging Flights ),https://images.kiwi.com/airlines/64/1F.png,,,
588,T6,"0",Airswift Transport,https://images.kiwi.com/airlines/64/T6.png,,,
589,N0,"0",Norte Lineas Aereas,https://images.kiwi.com/airlines/64/N0.png,,,
590,H9,"0",Himalaya Airlines,https://images.kiwi.com/airlines/64/H9.png,,,
591,"6U","0",Air Cargo Germany,https://images.kiwi.com/airlines/64/6U.png,,,
592,XB,"0",NEXT Brasil,https://images.kiwi.com/airlines/64/XB.png,,,
593,GN,"0",GNB Linhas Aereas,https://images.kiwi.com/airlines/64/GN.png,,,
594,E1,"0",Usa Sky Cargo,https://images.kiwi.com/airlines/64/E1.png,,,
595,QY,"0",Red Jet Canada,https://images.kiwi.com/airlines/64/QY.png,,,
596,"4X","0",Red Jet Mexico,https://images.kiwi.com/airlines/64/4X.png,,,
597,Y8,"0",Marusya Airways,https://images.kiwi.com/airlines/64/Y8.png,,,
598,FH,"0",Freebird Airlines,https://images.kiwi.com/airlines/64/FH.png,,,
599,"2D","0",Aero VIP (2D),https://images.kiwi.com/airlines/64/2D.png,,,
600,__,"0",FakeAirline,https://images.kiwi.com/airlines/64/__.png,,,
601,HQ,"0",Thomas Cook Belgium,https://images.kiwi.com/airlines/64/HQ.png,,,
602,"4B","0",BoutiqueAir,https://images.kiwi.com/airlines/64/4B.png,,,
603,"1X","0",Branson Air Express,https://images.kiwi.com/airlines/64/1X.png,,,
604,E9,"0",Evelop Airlines,https://images.kiwi.com/airlines/64/E9.png,,,
605,DA,"0",Aerolinea de Antioquia,https://images.kiwi.com/airlines/64/DA.png,,,
606,MEMENTO,None,MementoBUS,https://images.kiwi.com/airlines/64/MEMENTO.png,,,
607,"2O","0",Island Air Kodiak,https://images.kiwi.com/airlines/64/2O.png,,,
608,BG,"1",Biman Bangladesh Airlines,https://images.kiwi.com/airlines/64/BG.png,,,
609,WV,"0",Aero VIP,https://images.kiwi.com/airlines/64/WV.png,,,
610,TX,"0",Air Caraïbes,https://images.kiwi.com/airlines/64/TX.png,,,
611,ANDBUS,None,Andbus,https://images.kiwi.com/airlines/64/ANDBUS.png,,,
612,VC,"0",Via Air,https://images.kiwi.com/airlines/64/VC.png,,,
613,"20","0",Air Salone,https://images.kiwi.com/airlines/64/20.png,,,
614,EJR,None,EJR – East Japan Rail Company,https://images.kiwi.com/airlines/64/EJR.png,,,
615,IR,"0",Iran Air,https://images.kiwi.com/airlines/64/IR.png,,,
616,ZZ,"0",Zz,https://images.kiwi.com/airlines/64/ZZ.png,,,
617,"5E","0",SGA Airlines,https://images.kiwi.com/airlines/64/5E.png,,,
618,VIEAPLINES,None,Vienna Airport Lines,https://images.kiwi.com/airlines/64/VIEAPLINES.png,,,
619,JM,"0",Jambojet,https://images.kiwi.com/airlines/64/JM.png,,,
620,REGIOJET,"0",RegioJet,https://images.kiwi.com/airlines/64/REGIOJET.png,,,
621,IZ,"1",Arkia,https://images.kiwi.com/airlines/64/IZ.png,,,
622,HD,"1",Air Do,https://images.kiwi.com/airlines/64/HD.png,,,
623,CI,"0",China Airlines,https://images.kiwi.com/airlines/64/CI.png,,,
624,"5H","1",Fly540,https://images.kiwi.com/airlines/64/5H.png,,,
625,QG,"1",Citilink,https://images.kiwi.com/airlines/64/QG.png,,,
626,K6,"0",Cambodia Angkor Air,https://images.kiwi.com/airlines/64/K6.png,,,
627,LB,"1",Air Costa,https://images.kiwi.com/airlines/64/LB.png,,,
628,Q6,"0",Volaris Costa Rica,https://images.kiwi.com/airlines/64/Q6.png,,,
629,F8,"0",Flair Airlines,https://images.kiwi.com/airlines/64/F8.png,,,
630,AE,"0",Mandarin Airlines,https://images.kiwi.com/airlines/64/AE.png,,,
631,DG,"0",CebGo,https://images.kiwi.com/airlines/64/DG.png,,,
632,OE,"1",LaudaMotion,https://images.kiwi.com/airlines/64/OE.png,,,
633,XG,"0",SunExpress,https://images.kiwi.com/airlines/64/XG.png,,,
634,IW,"0",Wings Air,https://images.kiwi.com/airlines/64/IW.png,,,
635,CZ,"0",China Southern Airlines,https://images.kiwi.com/airlines/64/CZ.png,,,
636,GOOPTI,None,GoOpti,https://images.kiwi.com/airlines/64/GOOPTI.png,,,
637,LIZ,None,Air Liaison,https://images.kiwi.com/airlines/64/LIZ.png,,,
638,"3C",None,Air Chathams Limited 3C,https://images.kiwi.com/airlines/64/3C.png,,,
639,CAT,None,CAT- City Airport Train,https://images.kiwi.com/airlines/64/CAT.png,,,
640,OXFORDBUS,None,Oxford Bus Company,https://images.kiwi.com/airlines/64/OXFORDBUS.png,,,
641,LPA,None,Air Leap,https://images.kiwi.com/airlines/64/LPA.png,,,
642,K8,"0",Kan Air,https://images.kiwi.com/airlines/64/K8.png,,,
643,O1,"0",Orbit Airlines Azerbaijan,https://images.kiwi.com/airlines/64/O1.png,,,
644,EE,"0",RegionalJet,https://images.kiwi.com/airlines/64/EE.png,,,
645,YE,"0",Yan Air,https://images.kiwi.com/airlines/64/YE.png,,,
646,AA,"0",American Airlines,https://images.kiwi.com/airlines/64/AA.png,,,
647,"9K","1",Cape Air,https://images.kiwi.com/airlines/64/9K.png,,,
648,RO,"0",Tarom,https://images.kiwi.com/airlines/64/RO.png,,,
649,A1,"0",Atifly,https://images.kiwi.com/airlines/64/A1.png,,,
650,"9X","1",Southern Airways Express,https://images.kiwi.com/airlines/64/9X.png,,,
651,Z9,"0",Bek Air,https://images.kiwi.com/airlines/64/Z9.png,,,
652,Z8,"1",Amaszonas,https://images.kiwi.com/airlines/64/Z8.png,,,
653,PKSZCZECIN,None,PKS Szczencin,https://images.kiwi.com/airlines/64/PKSZCZECIN.png,,,
654,TROPOCEAN,None,Tropic Ocean Airways,https://images.kiwi.com/airlines/64/TROPOCEAN.png,,,
655,ENZ,None,Jota Aviation,https://images.kiwi.com/airlines/64/ENZ.png,,,
656,TN,"0",Air Tahiti Nui,https://images.kiwi.com/airlines/64/TN.png,,,
657,REGIOJETB,"0",Regiojet Bus,https://images.kiwi.com/airlines/64/REGIOJETB.png,,,
658,"76","0",Southjet,https://images.kiwi.com/airlines/64/76.png,,,
659,"77","0",Southjet connect,https://images.kiwi.com/airlines/64/77.png,,,
660,AO,"0",Avianova (Russia),https://images.kiwi.com/airlines/64/AO.png,,,
661,P6,"0",Pascan Aviation,https://images.kiwi.com/airlines/64/P6.png,,,
662,CC,"0",CM Airlines,https://images.kiwi.com/airlines/64/CC.png,,,
663,KM,"0",Air Malta,https://images.kiwi.com/airlines/64/KM.png,,,
664,GR,"0",Aurigny Air Services,https://images.kiwi.com/airlines/64/GR.png,,,
665,RK,"0",Air Afrique,https://images.kiwi.com/airlines/64/RK.png,,,
666,QL,"1",Laser Air,https://images.kiwi.com/airlines/64/QL.png,,,
667,CJ,"0",BA CityFlyer,https://images.kiwi.com/airlines/64/CJ.png,,,
668,"9L","0",Colgan Air,https://images.kiwi.com/airlines/64/9L.png,,,
669,OH,"0",Comair,https://images.kiwi.com/airlines/64/OH.png,,,
670,JE,"1",Mango,https://images.kiwi.com/airlines/64/JE.png,,,
671,TG,"0",Thai Airways International,https://images.kiwi.com/airlines/64/TG.png,,,
672,VN,"0",Vietnam Airlines,https://images.kiwi.com/airlines/64/VN.png,,,
673,OB,"1",Boliviana de Aviación,https://images.kiwi.com/airlines/64/OB.png,,,
674,OS,"0",Austrian Airlines,https://images.kiwi.com/airlines/64/OS.png,,,
675,C7,"1",Cinnamon Air,https://images.kiwi.com/airlines/64/C7.png,,,
676,VB,"1",VivaAerobus,https://images.kiwi.com/airlines/64/VB.png,,,
677,UX,"0",Air Europa,https://images.kiwi.com/airlines/64/UX.png,,,
678,FR,"1",Ryanair,https://images.kiwi.com/airlines/64/FR.png,,,
679,SW,"0",Air Namibia,https://images.kiwi.com/airlines/64/SW.png,,,
680,WW,"1",WOW air,https://images.kiwi.com/airlines/64/WW.png,,,
681,SQS,None,Susi Air,https://images.kiwi.com/airlines/64/SQS.png,,,
682,QX,"0",Horizon Air,https://images.kiwi.com/airlines/64/QX.png,,,
683,P0,"0",Proflight Zambia,https://images.kiwi.com/airlines/64/P0.png,,,
684,SA,"0",South African Airways,https://images.kiwi.com/airlines/64/SA.png,,,
685,YU,"0",EuroAtlantic Airways,https://images.kiwi.com/airlines/64/YU.png,,,
686,NJ,"0",Nordic Global Airlines,https://images.kiwi.com/airlines/64/NJ.png,,,
687,"9M","0",Central Mountain Air,https://images.kiwi.com/airlines/64/9M.png,,,
688,NETTBUSS,None,Nettbuss,https://images.kiwi.com/airlines/64/NETTBUSS.png,,,
689,"5D","0",Aerolitoral,https://images.kiwi.com/airlines/64/5D.png,,,
690,OLLEX,None,Ollex (express),https://images.kiwi.com/airlines/64/OLLEX.png,,,
691,EF,"1",EasyFly,https://images.kiwi.com/airlines/64/EF.png,,,
692,KI,"1",KrasAvia,https://images.kiwi.com/airlines/64/KI.png,,,
693,XL,"0",LATAM Ecuador,https://images.kiwi.com/airlines/64/XL.png,,,
694,V3,"0",Carpatair,https://images.kiwi.com/airlines/64/V3.png,,,
695,R4,"0",Rossiya,https://images.kiwi.com/airlines/64/R4.png,,,
696,"6T","1",Air Mandalay,https://images.kiwi.com/airlines/64/6T.png,,,
697,ES,"0",Estelar Latinoamerica,https://images.kiwi.com/airlines/64/ES.png,,,
698,"7N","0",Pawa Dominicana,https://images.kiwi.com/airlines/64/7N.png,,,
699,U6,"1",Ural Airlines,https://images.kiwi.com/airlines/64/U6.png,,,
700,"2C","0",SNCF,https://images.kiwi.com/airlines/64/2C.png,,,
701,WK,"0",Edelweiss Air,https://images.kiwi.com/airlines/64/WK.png,,,
702,ATV,None,Avanti Air,https://images.kiwi.com/airlines/64/ATV.png,,,
703,"2J","0",Air Burkina,https://images.kiwi.com/airlines/64/2J.png,,,
704,X5,None,Air Europa express,https://images.kiwi.com/airlines/64/X5.png,,,
705,WN,"1",Southwest Airlines,https://images.kiwi.com/airlines/64/WN.png,,,
706,CITYBUSEXP,None,CityBusExpress,https://images.kiwi.com/airlines/64/CITYBUSEXP.png,,,
707,DOMO,None,Domo Swiss Express,https://images.kiwi.com/airlines/64/DOMO.png,,,
708,WAGNERTRNS,None,Wagner Transport,https://images.kiwi.com/airlines/64/WAGNERTRNS.png,,,
709,MAROZZI,None,Marozzi,https://images.kiwi.com/airlines/64/MAROZZI.png,,,
710,NK,"1",Spirit Airlines,https://images.kiwi.com/airlines/64/NK.png,,,
711,A3,"1",Aegean,https://images.kiwi.com/airlines/64/A3.png,,,
712,SM,"1",Air Cairo,https://images.kiwi.com/airlines/64/SM.png,,,
713,"6S","0",SaudiGulf Airlines,https://images.kiwi.com/airlines/64/6S.png,,,
714,KY,"0",Kunming Airlines,https://images.kiwi.com/airlines/64/KY.png,,,
715,P5,"0",Wingo airlines,https://images.kiwi.com/airlines/64/P5.png,,,
716,RRV,None,Mombasa Air Safari,https://images.kiwi.com/airlines/64/RRV.png,,,
717,RY,"1",Air Jiangxi,https://images.kiwi.com/airlines/64/RY.png,,,
718,Z7,"1",Amaszonas Uruguay,https://images.kiwi.com/airlines/64/Z7.png,,,
719,OW,None,Skyward Express Limited,https://images.kiwi.com/airlines/64/OW.png,,,
720,GLOBTOUR,None,Globtour,https://images.kiwi.com/airlines/64/GLOBTOUR.png,,,
721,GOBUS,None,Gobus,https://images.kiwi.com/airlines/64/GOBUS.png,,,
722,GALICJAEX,None,Galicja Express,https://images.kiwi.com/airlines/64/GALICJAEX.png,,,
723,BUS4YOU,None,Bus4You,https://images.kiwi.com/airlines/64/BUS4YOU.png,,,
724,ARRIVA,None,Arriva,https://images.kiwi.com/airlines/64/ARRIVA.png,,,
725,BUSPLANA,None,Busplana,https://images.kiwi.com/airlines/64/BUSPLANA.png,,,
726,SKANETRAF,None,Skanetrafiken,https://images.kiwi.com/airlines/64/SKANETRAF.png,,,
727,NSB,None,NSB,https://images.kiwi.com/airlines/64/NSB.png,,,
728,VASTTRAF,None,Vasttrafik,https://images.kiwi.com/airlines/64/VASTTRAF.png,,,
729,H3,"0",Harbour Air (Priv),https://images.kiwi.com/airlines/64/H3.png,,,
730,LTKRONOBUS,None,LT Kronoberg,https://images.kiwi.com/airlines/64/LTKRONOBUS.png,,,
731,SBK,None,Blue Sky Aviation,https://images.kiwi.com/airlines/64/SBK.png,,,
732,GCS,None,Skyway CR,https://images.kiwi.com/airlines/64/GCS.png,,,
733,ULENDO,None,Fly Ulendo,https://images.kiwi.com/airlines/64/ULENDO.png,,,
734,GOVERNORS,None,Governors Aviation,https://images.kiwi.com/airlines/64/GOVERNORS.png,,,
735,BZ,"0",Blue Bird Airways,https://images.kiwi.com/airlines/64/BZ.png,,,
736,F4,None,Air Flamenco,https://images.kiwi.com/airlines/64/F4.png,,,
737,STEWISLAND,None,Stewart Island Flights,https://images.kiwi.com/airlines/64/STEWISLAND.png,,,
738,RLY,None,Air Loyaute,https://images.kiwi.com/airlines/64/RLY.png,,,
739,DVR,None,Divi Divi Air,https://images.kiwi.com/airlines/64/DVR.png,,,
740,TGVLYRIA,None,TGV Lyria,https://images.kiwi.com/airlines/64/TGVLYRIA.png,,,
741,THELLO,None,Thello,https://images.kiwi.com/airlines/64/THELLO.png,,,
742,GRUMAIR,None,Grumeti Air,https://images.kiwi.com/airlines/64/GRUMAIR.png,,,
743,THALYS,None,Thalys,https://images.kiwi.com/airlines/64/THALYS.png,,,
744,O4,None,Orange2Fly,https://images.kiwi.com/airlines/64/O4.png,,,
745,SKYPASADA,None,Sky Pasada,https://images.kiwi.com/airlines/64/SKYPASADA.png,,,
746,NSI,None,NS,https://images.kiwi.com/airlines/64/NSI.png,,,
747,RZD,None,Russian Railways ,https://images.kiwi.com/airlines/64/RZD.png,,,
748,AMTRAKT,None,Amtrak train ,https://images.kiwi.com/airlines/64/AMTRAKT.png,,,
749,BP,"0",Air Botswana,https://images.kiwi.com/airlines/64/BP.png,,,
750,BI,"0",Royal Brunei Airlines,https://images.kiwi.com/airlines/64/BI.png,,,
751,BELARURAIL,None,Belarusian Railway,https://images.kiwi.com/airlines/64/BELARURAIL.png,,,
752,GRANDEXP,None,Grand Express,https://images.kiwi.com/airlines/64/GRANDEXP.png,,,
753,COMBOIOS,None,Comboios de Portugal,https://images.kiwi.com/airlines/64/COMBOIOS.png,,,
754,MAV,None,MAV,https://images.kiwi.com/airlines/64/MAV.png,,,
755,SBB,None,SBB,https://images.kiwi.com/airlines/64/SBB.png,,,
756,V8,"0",ATRAN Cargo Airlines,https://images.kiwi.com/airlines/64/V8.png,,,
757,CW,"0",Air Marshall Islands,https://images.kiwi.com/airlines/64/CW.png,,,
758,AEH,None, Aero4M,https://images.kiwi.com/airlines/64/AEH.png,,,
759,EILAT,None,Eilat Shuttle,https://images.kiwi.com/airlines/64/EILAT.png,,,
760,ZJ,"0",Zambezi Airlines (ZMA),https://images.kiwi.com/airlines/64/ZJ.png,,,
761,GEORGIBUS,None,Georgian Bus,https://images.kiwi.com/airlines/64/GEORGIBUS.png,,,
762,NAVETTE,None,Navette de Vatry,https://images.kiwi.com/airlines/64/NAVETTE.png,,,
763,INTERGLOB,None,Follow me! Interglobus,https://images.kiwi.com/airlines/64/INTERGLOB.png,,,
764,MICCOLIS,None,Miccolis,https://images.kiwi.com/airlines/64/MICCOLIS.png,,,
765,CILENTO,None,Cilento,https://images.kiwi.com/airlines/64/CILENTO.png,,,
766,GP,"0",APG Airlines,https://images.kiwi.com/airlines/64/GP.png,,,
767,LTKRONOTRN,None,LT Kronoberg,https://images.kiwi.com/airlines/64/LTKRONOTRN.png,,,
768,S7,"0",S7 Airlines,https://images.kiwi.com/airlines/64/S7.png,,,
769,MW,"0",Mokulele Flight Service,https://images.kiwi.com/airlines/64/MW.png,,,
770,IG,"1",Air Italy,https://images.kiwi.com/airlines/64/IG.png,,,
771,FLYTRISTAR,None,Fly Tristar Services,https://images.kiwi.com/airlines/64/FLYTRISTAR.png,,,
772,"6F","1",Primera Air Nordic,https://images.kiwi.com/airlines/64/6F.png,,,
773,ZP,"0",Amaszonas del Paraguay S.A. Lineas Aereas,https://images.kiwi.com/airlines/64/ZP.png,,,
774,EMETEBE,None,Emetebe Airlines,https://images.kiwi.com/airlines/64/EMETEBE.png,,,
775,ASSALAAM,None,As Salaam Air,https://images.kiwi.com/airlines/64/ASSALAAM.png,,,
776,K5,"0",Silverstone Air,https://images.kiwi.com/airlines/64/K5.png,,,
777,Y6,None,AB Aviation,https://images.kiwi.com/airlines/64/Y6.png,,,
778,UNIAIR,None,Unity Air,https://images.kiwi.com/airlines/64/UNIAIR.png,,,
779,EUROSTAR,None,Eurostar,https://images.kiwi.com/airlines/64/EUROSTAR.png,,,
780,FLYSAFARI,None,Fly Safari Airlink,https://images.kiwi.com/airlines/64/FLYSAFARI.png,,,
781,RHONEXP,None,Rhônexpress,https://images.kiwi.com/airlines/64/RHONEXP.png,,,
782,RV,"0",Caspian Airlines,https://images.kiwi.com/airlines/64/RV.png,,,
783,C0,"0",Centralwings,https://images.kiwi.com/airlines/64/C0.png,,,
784,Y5,"1",Golden Myanmar Airlines,https://images.kiwi.com/airlines/64/Y5.png,,,
785,YT,"0",Yeti Airways,https://images.kiwi.com/airlines/64/YT.png,,,
786,SMSFLUG,None,SMS Flughafen,https://images.kiwi.com/airlines/64/SMSFLUG.png,,,
787,MINIBUD,None,Minibud Ltd.,https://images.kiwi.com/airlines/64/MINIBUD.png,,,
788,FLZ,None,Flightlink,https://images.kiwi.com/airlines/64/FLZ.png,,,
789,"7D",None,Madagasikara Airways,https://images.kiwi.com/airlines/64/7D.png,,,
790,GRENADINE,None,Grenadine Airways,https://images.kiwi.com/airlines/64/GRENADINE.png,,,
791,AEROBUSLIS,None,Aerobus Lisbon,https://images.kiwi.com/airlines/64/AEROBUSLIS.png,,,
792,CFLB,None,CFL,https://images.kiwi.com/airlines/64/CFLB.png,,,
793,MEGABUS,None,Megabus,https://images.kiwi.com/airlines/64/MEGABUS.png,,,
794,GETBUS,None,Get Bus,https://images.kiwi.com/airlines/64/GETBUS.png,,,
795,SITBUS,None,Sit Bus Shuttle,https://images.kiwi.com/airlines/64/SITBUS.png,,,
796,"9H","0",Air Changan,https://images.kiwi.com/airlines/64/9H.png,,,
797,WT,None,Wasaya Airways,https://images.kiwi.com/airlines/64/WT.png,,,
798,B3,"0",Bhutan Airlines,https://images.kiwi.com/airlines/64/B3.png,,,
799,AMTRAKB,None,Amtrak bus,https://images.kiwi.com/airlines/64/AMTRAKB.png,,,
800,"100RUMOS",None,"100Rumos",https://images.kiwi.com/airlines/64/100RUMOS.png,,,
801,HOOSIER,None,Hoosier ride,https://images.kiwi.com/airlines/64/HOOSIER.png,,,
802,DSB,None,DSB,https://images.kiwi.com/airlines/64/DSB.png,,,
803,GDE,None,Great Dane Airlines,https://images.kiwi.com/airlines/64/GDE.png,,,
804,QUICKLLAMA,None,QuickLlama,https://images.kiwi.com/airlines/64/QUICKLLAMA.png,,,
805,QN,None,Skytrans,https://images.kiwi.com/airlines/64/QN.png,,,
806,SALTLAKEEX,None,Salt Lake Express,https://images.kiwi.com/airlines/64/SALTLAKEEX.png,,,
807,ADIRONDACK,None,Adirondack Trailways,https://images.kiwi.com/airlines/64/ADIRONDACK.png,,,
808,U3,"0",Avies,https://images.kiwi.com/airlines/64/U3.png,,,
809,IS,"0",Fly Ais Airlines,https://images.kiwi.com/airlines/64/IS.png,,,
810,J2,"0",Azerbaijan Airlines,https://images.kiwi.com/airlines/64/J2.png,,,
811,FI,"0",Icelandair,https://images.kiwi.com/airlines/64/FI.png,,,
812,FP,"0",Pelican Airlines,https://images.kiwi.com/airlines/64/FP.png,,,
813,A8,None,Aerolink Uganda,https://images.kiwi.com/airlines/64/A8.png,,,
814,CRAVIATION,None,CR Aviation,https://images.kiwi.com/airlines/64/CRAVIATION.png,,,
815,XLL,None,Air Excel Limited,https://images.kiwi.com/airlines/64/XLL.png,,,
816,IF,"0",Fly Baghdad Airlines,https://images.kiwi.com/airlines/64/IF.png,,,
817,ARPTSUPERS,None,Airport Supersaver,https://images.kiwi.com/airlines/64/ARPTSUPERS.png,,,
818,SC,"0",Shandong Airlines,https://images.kiwi.com/airlines/64/SC.png,,,
819,R3,"1",Yakutia Airlines,https://images.kiwi.com/airlines/64/R3.png,,,
820,PRESTIA,None,Prestia e Comande,https://images.kiwi.com/airlines/64/PRESTIA.png,,,
821,BEAUVAIS,None,Beauvaisbus,https://images.kiwi.com/airlines/64/BEAUVAIS.png,,,
822,FLYBUS,None,Flybus Iceland,https://images.kiwi.com/airlines/64/FLYBUS.png,,,
823,AIRBEXP,None,Airport Bus Express,https://images.kiwi.com/airlines/64/AIRBEXP.png,,,
824,CFLT,None,CFL,https://images.kiwi.com/airlines/64/CFLT.png,,,
825,R6,"0",RACSA,https://images.kiwi.com/airlines/64/R6.png,,,
826,RW,"0",Republic Airlines,https://images.kiwi.com/airlines/64/RW.png,,,
827,JZ,"0",Skyways Express,https://images.kiwi.com/airlines/64/JZ.png,,,
828,T2,"0",Thai Air Cargo,https://images.kiwi.com/airlines/64/T2.png,,,
829,C2,"0",CanXplorer,https://images.kiwi.com/airlines/64/C2.png,,,
830,VIRGINIABR,None,Virginia Breeze,https://images.kiwi.com/airlines/64/VIRGINIABR.png,,,
831,NYCAIRPORT,None,NYC Airporter,https://images.kiwi.com/airlines/64/NYCAIRPORT.png,,,
832,DF,"0",Michael Airlines,https://images.kiwi.com/airlines/64/DF.png,,,
833,Q5,"0","40-Mile Air",https://images.kiwi.com/airlines/64/Q5.png,,,
834,NQ,"0",Air Japan,https://images.kiwi.com/airlines/64/NQ.png,,,
835,EP,"0",Iran Aseman Airlines,https://images.kiwi.com/airlines/64/EP.png,,,
836,IE,"0",Solomon Airlines,https://images.kiwi.com/airlines/64/IE.png,,,
837,SH,"0",Sharp Airlines,https://images.kiwi.com/airlines/64/SH.png,,,
838,PARKSOFHAM,None,Park's of Hamilton,https://images.kiwi.com/airlines/64/PARKSOFHAM.png,,,
839,V5,"0",Aerovías DAP,https://images.kiwi.com/airlines/64/V5.png,,,
840,"4A","0",Air Kiribati,https://images.kiwi.com/airlines/64/4A.png,,,
841,T5,"0",Turkmenistan Airlines,https://images.kiwi.com/airlines/64/T5.png,,,
842,XF,"0",Vladivostok Air,https://images.kiwi.com/airlines/64/XF.png,,,
843,LC,"0",Varig Log,https://images.kiwi.com/airlines/64/LC.png,,,
844,"7W","0",Windrose Airlines,https://images.kiwi.com/airlines/64/7W.png,,,
845,KP,"0",ASKY Airlines,https://images.kiwi.com/airlines/64/KP.png,,,
846,PKP,None,PKP Intercity,https://images.kiwi.com/airlines/64/PKP.png,,,
847,EG,"0",Ernest Airlines,https://images.kiwi.com/airlines/64/EG.png,,,
848,MALTATRANS,None,Maltatransfer,https://images.kiwi.com/airlines/64/MALTATRANS.png,,,
849,HP,"0",America West Airlines,https://images.kiwi.com/airlines/64/HP.png,,,
850,F7,"0",Etihad Regional,https://images.kiwi.com/airlines/64/F7.png,,,
851,"6H","0",Israir,https://images.kiwi.com/airlines/64/6H.png,,,
852,TZ,"1",Scoot - old,https://images.kiwi.com/airlines/64/TZ.png,,,
853,WC,"0",Avianca Honduras,https://images.kiwi.com/airlines/64/WC.png,,,
854,MT,"1",Thomas Cook Airlines,https://images.kiwi.com/airlines/64/MT.png,,,
855,"6I","0",Alsie Express,https://images.kiwi.com/airlines/64/6I.png,,,
856,S2,"0",Jet Konnect,https://images.kiwi.com/airlines/64/S2.png,,,
857,ID,"1",Batik Air,https://images.kiwi.com/airlines/64/ID.png,,,
858,VZ,"0",Thai Vietjet,https://images.kiwi.com/airlines/64/VZ.png,,,
859,I2,"0",Iberia Express,https://images.kiwi.com/airlines/64/I2.png,,,
860,HY,"0",Uzbekistan Airways,https://images.kiwi.com/airlines/64/HY.png,,,
861,BMCAEROBUS,None,BMC Aerobus,https://images.kiwi.com/airlines/64/BMCAEROBUS.png,,,
862,"8V","0",Astral Aviation,https://images.kiwi.com/airlines/64/8V.png,,,
863,"8T","0",Air Tindi,https://images.kiwi.com/airlines/64/8T.png,,,
864,ZW,"0",Air Wisconsin,https://images.kiwi.com/airlines/64/ZW.png,,,
865,GI,"0",Itek Air,https://images.kiwi.com/airlines/64/GI.png,,,
866,JD,"0",Beijing Capital Airlines,https://images.kiwi.com/airlines/64/JD.png,,,
867,V2,"0",Vision Airlines,https://images.kiwi.com/airlines/64/V2.png,,,
868,ZV,"1",V Air,https://images.kiwi.com/airlines/64/ZV.png,,,
869,U9,"0",Tatarstan Airlines,https://images.kiwi.com/airlines/64/U9.png,,,
870,JC,"0",JAL Express,https://images.kiwi.com/airlines/64/JC.png,,,
871,UB,"0",Myanmar National Airlines,https://images.kiwi.com/airlines/64/UB.png,,,
872,DS,"0",EasyJet (DS),https://images.kiwi.com/airlines/64/DS.png,,,
873,"6O","0",Orbest,https://images.kiwi.com/airlines/64/6O.png,,,
874,YN,"0",Air Creebec,https://images.kiwi.com/airlines/64/YN.png,,,
875,TM,"0",LAM Mozambique Airlines,https://images.kiwi.com/airlines/64/TM.png,,,
876,"7V","0",Federal Airlines,https://images.kiwi.com/airlines/64/7V.png,,,
877,VD,"0",Air Libert,https://images.kiwi.com/airlines/64/VD.png,,,
878,JO,"0",JALways,https://images.kiwi.com/airlines/64/JO.png,,,
879,E2,"0",Eurowings Europe,https://images.kiwi.com/airlines/64/E2.png,,,
880,PB,"0",Provincial Airlines,https://images.kiwi.com/airlines/64/PB.png,,,
881,V4,"0",Vieques Air Link,https://images.kiwi.com/airlines/64/V4.png,,,
882,P1,"0",Regional Sky,https://images.kiwi.com/airlines/64/P1.png,,,
883,"0V","0",VASCO,https://images.kiwi.com/airlines/64/0V.png,,,
884,PX,"0",Air Niugini,https://images.kiwi.com/airlines/64/PX.png,,,
885,N6,"0",Nomad Aviation,https://images.kiwi.com/airlines/64/N6.png,,,
886,ZD,"0",EWA Air,https://images.kiwi.com/airlines/64/ZD.png,,,
887,"4W","0",Allied Air,https://images.kiwi.com/airlines/64/4W.png,,,
888,VH,"0",Viva Air,https://images.kiwi.com/airlines/64/VH.png,,,
889,OUIGO,"0",Ouigo,https://images.kiwi.com/airlines/64/OUIGO.png,,,
890,ZSSK,None,Slovak rail,https://images.kiwi.com/airlines/64/ZSSK.png,,,
891,ML,"1",Air Mediterranee,https://images.kiwi.com/airlines/64/ML.png,,,
892,B1,"0",Baltic Air lines,https://images.kiwi.com/airlines/64/B1.png,,,
893,TO,"0",Transavia France,https://images.kiwi.com/airlines/64/TO.png,,,
894,P9,"1",Peruvian Airlines,https://images.kiwi.com/airlines/64/P9.png,,,
895,JA,"0",JetSMART,https://images.kiwi.com/airlines/64/JA.png,,,
896,TT,"1",Tiger Airways Australia,https://images.kiwi.com/airlines/64/TT.png,,,
897,"6R","1",Alrosa,https://images.kiwi.com/airlines/64/6R.png,,,
898,J1,"0",One Jet,https://images.kiwi.com/airlines/64/J1.png,,,
899,"7I","1",Insel Air,https://images.kiwi.com/airlines/64/7I.png,,,
900,"7J","1",Tajik Air,https://images.kiwi.com/airlines/64/7J.png,,,
901,AV,"0",Avianca,https://images.kiwi.com/airlines/64/AV.png,,,
902,ST,"1",Germania,https://images.kiwi.com/airlines/64/ST.png,,,
903,DB,"0",Brit Air,https://images.kiwi.com/airlines/64/DB.png,,,
904,JU,"0",Air Serbia,https://images.kiwi.com/airlines/64/JU.png,,,
905,F2,"0",Safarilink Aviation,https://images.kiwi.com/airlines/64/F2.png,,,
906,UL,"0",SriLankan Airlines,https://images.kiwi.com/airlines/64/UL.png,,,
907,"9N","0",Tropic Air Limited,https://images.kiwi.com/airlines/64/9N.png,,,
908,PN,"1",West Air China,https://images.kiwi.com/airlines/64/PN.png,,,
909,HX,"1",Hong Kong Airlines,https://images.kiwi.com/airlines/64/HX.png,,,
910,J7,"1",Afrijet Business Service,https://images.kiwi.com/airlines/64/J7.png,,,
911,AW,"1",Africa World Airlines,https://images.kiwi.com/airlines/64/AW.png,,,
912,EL,"1",Ellinair,https://images.kiwi.com/airlines/64/EL.png,,,
913,DR,"1",Ruili Airlines,https://images.kiwi.com/airlines/64/DR.png,,,
914,K9,"1",KrasAvia (old iata),https://images.kiwi.com/airlines/64/K9.png,,,
915,OR,"1",TUI Airlines Netherlands,https://images.kiwi.com/airlines/64/OR.png,,,
916,"5C","1",Nature Air,https://images.kiwi.com/airlines/64/5C.png,,,
917,"8L","1",Lucky air,https://images.kiwi.com/airlines/64/8L.png,,,
918,EB,"1",Wamos Air,https://images.kiwi.com/airlines/64/EB.png,,,
919,WS,"1",WestJet,https://images.kiwi.com/airlines/64/WS.png,,,
920,YC,"1",Yamal Air,https://images.kiwi.com/airlines/64/YC.png,,,
921,JX,"1",Jambojet,https://images.kiwi.com/airlines/64/JX.png,,,
922,"5O","0",ASL Airlines France,https://images.kiwi.com/airlines/64/5O.png,,,
923,S8,"1",SkyWise,https://images.kiwi.com/airlines/64/S8.png,,,
924,JEFFERSON,None,Jefferson Lines,https://images.kiwi.com/airlines/64/JEFFERSON.png,,,
925,SG,"1",Spicejet,https://images.kiwi.com/airlines/64/SG.png,,,
926,XY,"1",flynas,https://images.kiwi.com/airlines/64/XY.png,,,
927,"9C","1",Spring Airlines,https://images.kiwi.com/airlines/64/9C.png,,,
928,DV,"1",Scat Airlines,https://images.kiwi.com/airlines/64/DV.png,,,
929,GT,"1",Air Guilin,https://images.kiwi.com/airlines/64/GT.png,,,
930,AB,"1",Air Berlin,https://images.kiwi.com/airlines/64/AB.png,,,
931,"9W","0",Jet Airways,https://images.kiwi.com/airlines/64/9W.png,,,
932,MJ,"1",Myway Airlines,https://images.kiwi.com/airlines/64/MJ.png,,,
933,VJ,"1",VietJet Air,https://images.kiwi.com/airlines/64/VJ.png,,,
934,YZ,"0",Alas Uruguay,https://images.kiwi.com/airlines/64/YZ.png,,,
935,NL,"1",Shaheen Air International,https://images.kiwi.com/airlines/64/NL.png,,,
936,FA,"1",Fly Safair,https://images.kiwi.com/airlines/64/FA.png,,,
937,BM,"0",flybmi,https://images.kiwi.com/airlines/64/BM.png,,,
938,PF,"1",Primera Air,https://images.kiwi.com/airlines/64/PF.png,,,
939,JV,"0",Perimeter Aviation,https://images.kiwi.com/airlines/64/JV.png,,,
940,"3Q","0",Yunnan Airlines,https://images.kiwi.com/airlines/64/3Q.png,,,
941,LJ,"1",Jin Air,https://images.kiwi.com/airlines/64/LJ.png,,,
942,OD,"1",Malindo Air,https://images.kiwi.com/airlines/64/OD.png,,,
943,KK,"1",AtlasGlobal,https://images.kiwi.com/airlines/64/KK.png,,,
944,BC,"1",Skymark Airlines,https://images.kiwi.com/airlines/64/BC.png,,,
945,KQ,"0",Kenya Airways,https://images.kiwi.com/airlines/64/KQ.png,,,
946,KL,"0",KLM Royal Dutch Airlines,https://images.kiwi.com/airlines/64/KL.png,,,
947,IX,"1",Air India Express,https://images.kiwi.com/airlines/64/IX.png,,,
948,K7,"0",Air KBZ,https://images.kiwi.com/airlines/64/K7.png,,,
949,ZI,"0",Aigle Azur,https://images.kiwi.com/airlines/64/ZI.png,,,
950,"8A","0",Atlas Blue,https://images.kiwi.com/airlines/64/8A.png,,,
951,LX,"0",Swiss International Air Lines,https://images.kiwi.com/airlines/64/LX.png,,,
952,"9V","0",Avior Airlines,https://images.kiwi.com/airlines/64/9V.png,,,
953,G9,"1",Air Arabia,https://images.kiwi.com/airlines/64/G9.png,,,
954,"5Z","1",Cem Air,https://images.kiwi.com/airlines/64/5Z.png,,,
955,Z6,"1",Dniproavia,https://images.kiwi.com/airlines/64/Z6.png,,,
956,XN,"0",Xpressair,https://images.kiwi.com/airlines/64/XN.png,,,
957,CA,"0",Air China,https://images.kiwi.com/airlines/64/CA.png,,,
958,N4,"0",Nordwind Airlines,https://images.kiwi.com/airlines/64/N4.png,,,
959,MO,"1",Calm Air,https://images.kiwi.com/airlines/64/MO.png,,,
960,X9,"0",Fake Airline,https://images.kiwi.com/airlines/64/X9.png,,,
961,NZ,"1",Air New Zealand,https://images.kiwi.com/airlines/64/NZ.png,,,
962,VQ,"1",Novoair,https://images.kiwi.com/airlines/64/VQ.png,,,
963,KX,"0",Cayman Airways,https://images.kiwi.com/airlines/64/KX.png,,,
964,CO,"0",Cobalt Air,https://images.kiwi.com/airlines/64/CO.png,,,
965,WB,"0",Rwandair Express,https://images.kiwi.com/airlines/64/WB.png,,,
966,SI,"0",Blue Islands,https://images.kiwi.com/airlines/64/SI.png,,,
967,"8R","1",Sol Líneas Aéreas,https://images.kiwi.com/airlines/64/8R.png,,,
968,I4,"0",I-Fly,https://images.kiwi.com/airlines/64/I4.png,,,
969,YJ,"1",Asian Wings Air,https://images.kiwi.com/airlines/64/YJ.png,,,
970,RX,"1",Regent Airways,https://images.kiwi.com/airlines/64/RX.png,,,
971,"2G","1",Angara airlines,https://images.kiwi.com/airlines/64/2G.png,,,
972,"7R","1",Rusline,https://images.kiwi.com/airlines/64/7R.png,,,
973,JW,"1",Vanilla Air,https://images.kiwi.com/airlines/64/JW.png,,,
974,"5N","1",Smartavia,https://images.kiwi.com/airlines/64/5N.png,,,
975,BX,"1",Air Busan,https://images.kiwi.com/airlines/64/BX.png,,,
976,W4,"1",LC Perú,https://images.kiwi.com/airlines/64/W4.png,,,
977,G3,"1",Gol Transportes Aéreos,https://images.kiwi.com/airlines/64/G3.png,,,
978,DP,"1",Pobeda,https://images.kiwi.com/airlines/64/DP.png,,,
979,PW,"0",Precision Air,https://images.kiwi.com/airlines/64/PW.png,,,
980,JQ,"1",Jetstar Airways,https://images.kiwi.com/airlines/64/JQ.png,,,
981,"5K","0",Hi Fly,https://images.kiwi.com/airlines/64/5K.png,,,
982,BJ,"0",NouvelAir,https://images.kiwi.com/airlines/64/BJ.png,,,
983,CM,"0",Copa Airlines,https://images.kiwi.com/airlines/64/CM.png,,,
984,"8M","0",Myanmar Airways,https://images.kiwi.com/airlines/64/8M.png,,,
985,B6,"1",JetBlue Airways,https://images.kiwi.com/airlines/64/B6.png,,,
986,ME,"0",Middle East Airlines,https://images.kiwi.com/airlines/64/ME.png,,,
987,OZ,"0",Asiana Airlines,https://images.kiwi.com/airlines/64/OZ.png,,,
988,KU,"0",Kuwait Airways,https://images.kiwi.com/airlines/64/KU.png,,,
989,OJ,"0",Fly Jamaica Airways,https://images.kiwi.com/airlines/64/OJ.png,,,
990,"3S","0",Air Antilles Express,https://images.kiwi.com/airlines/64/3S.png,,,
991,TL,"1",Airnorth,https://images.kiwi.com/airlines/64/TL.png,,,
992,QK,"0",Air Canada Jazz,https://images.kiwi.com/airlines/64/QK.png,,,
993,VW,"0",Aeromar,https://images.kiwi.com/airlines/64/VW.png,,,
994,QW,"0",Qingdao Airlines,https://images.kiwi.com/airlines/64/QW.png,,,
995,WP,"0",Island Air,https://images.kiwi.com/airlines/64/WP.png,,,
996,CF,"0",City Airline,https://images.kiwi.com/airlines/64/CF.png,,,
997,HO,"1",Juneyao Airlines,https://images.kiwi.com/airlines/64/HO.png,,,
998,KD,"0",Kalstar Aviation,https://images.kiwi.com/airlines/64/KD.png,,,
999,QS,"1",SmartWings,https://images.kiwi.com/airlines/64/QS.png,,,
1000,TR,"1",Scoot,https://images.kiwi.com/airlines/64/TR.png,,,
1001,"6W","1",Saratov Aviation Division,https://images.kiwi.com/airlines/64/6W.png,,,
1002,B0,"0",Aws express,https://images.kiwi.com/airlines/64/B0.png,,,
1003,"3M","1",Silver Airways,https://images.kiwi.com/airlines/64/3M.png,,,
1004,IP,"0",Island Spirit,https://images.kiwi.com/airlines/64/IP.png,,,
1005,"1D","1",Aerolinea de Antioquia,https://images.kiwi.com/airlines/64/1D.png,,,
1006,UK,"0",Air Vistara,https://images.kiwi.com/airlines/64/UK.png,,,
1007,AQ,"1","9 Air",https://images.kiwi.com/airlines/64/AQ.png,,,
1008,SK,"0",SAS,https://images.kiwi.com/airlines/64/SK.png,,,
1009,DY,"1",Norwegian,https://images.kiwi.com/airlines/64/DY.png,,,
1010,UO,"1",Hong Kong Express Airways,https://images.kiwi.com/airlines/64/UO.png,,,
1011,AF,"0",Air France,https://images.kiwi.com/airlines/64/AF.png,,,
1012,TP,"0",TAP Portugal,https://images.kiwi.com/airlines/64/TP.png,,,
1013,AI,"0",Air India Limited,https://images.kiwi.com/airlines/64/AI.png,,,
1014,VY,"1",Vueling,https://images.kiwi.com/airlines/64/VY.png,,,
1015,JL,"0",Japan Airlines,https://images.kiwi.com/airlines/64/JL.png,,,
1016,KC,"0",Air Astana,https://images.kiwi.com/airlines/64/KC.png,,,
1017,SN,"0",Brussels Airlines,https://images.kiwi.com/airlines/64/SN.png,,,
1018,FC,"1",Fly Corporate,https://images.kiwi.com/airlines/64/FC.png,,,
1019,TF,"0",Braathens Regional Aviation,https://images.kiwi.com/airlines/64/TF.png,,,
1020,TB,"1",tuifly.be,https://images.kiwi.com/airlines/64/TB.png,,,
1021,EW,"1",Eurowings,https://images.kiwi.com/airlines/64/EW.png,,,
1022,IB,"0",Iberia Airlines,https://images.kiwi.com/airlines/64/IB.png,,,
1023,Q7,"0",Sky Bahamas,https://images.kiwi.com/airlines/64/Q7.png,,,
1024,"7M","0",MAP Linhas Aéreas,https://images.kiwi.com/airlines/64/7M.png,,,
1025,FO,"1",Flybondi,https://images.kiwi.com/airlines/64/FO.png,,,
1026,CP,"0",Compass Airlines,https://images.kiwi.com/airlines/64/CP.png,,,
1027,"9R","1",SATENA,https://images.kiwi.com/airlines/64/9R.png,,,
1028,FD,"0",Thai AirAsia,https://images.kiwi.com/airlines/64/FD.png,,,
1029,FZ,"1",Fly Dubai,https://images.kiwi.com/airlines/64/FZ.png,,,
1030,X3,"1",TUIfly,https://images.kiwi.com/airlines/64/X3.png,,,
1031,TK,"0",Turkish Airlines,https://images.kiwi.com/airlines/64/TK.png,,,
1032,"7H","1",Ravn Alaska,https://images.kiwi.com/airlines/64/7H.png,,,
1033,D8,"0",Norwegian International,https://images.kiwi.com/airlines/64/D8.png,,,
1034,JP,"0",Adria Airways,https://images.kiwi.com/airlines/64/JP.png,,,
1035,BURLINGTON,None,Burlington Trailways,https://images.kiwi.com/airlines/64/BURLINGTON.png,,,
1036,"2Z","1",Passaredo,https://images.kiwi.com/airlines/64/2Z.png,,,
1037,CN,"0",Canadian National Airways,https://images.kiwi.com/airlines/64/CN.png,,,
1038,WM,"0",Windward Islands Airways,https://images.kiwi.com/airlines/64/WM.png,,,
1039,PC,"1",Pegasus,https://images.kiwi.com/airlines/64/PC.png,,,
1040,LK,"0",Lao Skyway,https://images.kiwi.com/airlines/64/LK.png,,,
1041,RP,"0",Chautauqua Airlines,https://images.kiwi.com/airlines/64/RP.png,,,
1042,LY,"1",El Al Israel Airlines,https://images.kiwi.com/airlines/64/LY.png,,,
1043,F9,"1",Frontier Airlines,https://images.kiwi.com/airlines/64/F9.png,,,
1044,"3L","1",Intersky,https://images.kiwi.com/airlines/64/3L.png,,,
1045,J9,"1",Jazeera Airways,https://images.kiwi.com/airlines/64/J9.png,,,
1046,UE,"0",Nasair,https://images.kiwi.com/airlines/64/UE.png,,,
1047,DH,"0",Dennis Sky,https://images.kiwi.com/airlines/64/DH.png,,,
1048,TW,"1",Tway Airlines,https://images.kiwi.com/airlines/64/TW.png,,,
1049,"3H","1",AirInuit,https://images.kiwi.com/airlines/64/3H.png,,,
1050,W6,"1",Wizzair,https://images.kiwi.com/airlines/64/W6.png,,,
1051,Y4,"1",Volaris,https://images.kiwi.com/airlines/64/Y4.png,,,
1052,"6E","1",IndiGo Airlines,https://images.kiwi.com/airlines/64/6E.png,,,
1053,PG,"1",Bangkok Airways,https://images.kiwi.com/airlines/64/PG.png,,,
1054,VTTRANSLIN,None,Vermont Translines,https://images.kiwi.com/airlines/64/VTTRANSLIN.png,,,
1055,DD,"1",Nok Air,https://images.kiwi.com/airlines/64/DD.png,,,
1056,FY,"1",Firefly,https://images.kiwi.com/airlines/64/FY.png,,,
1057,ED,"1",Airblue,https://images.kiwi.com/airlines/64/ED.png,,,
1058,FN,"1",Fastjet,https://images.kiwi.com/airlines/64/FN.png,,,
1059,JT,"1",Lion Air,https://images.kiwi.com/airlines/64/JT.png,,,
1060,YB,"1",BoraJet,https://images.kiwi.com/airlines/64/YB.png,,,
1061,"7C","1",Jeju Air,https://images.kiwi.com/airlines/64/7C.png,,,
1062,SL,"1",Thai Lion Air,https://images.kiwi.com/airlines/64/SL.png,,,
1063,CZECHRAIL,None,Czech Rail,https://images.kiwi.com/airlines/64/CZECHRAIL.png,,,
1064,C9,"1",SkyWise,https://images.kiwi.com/airlines/64/C9.png,,,
1065,AZ,"0",Alitalia,https://images.kiwi.com/airlines/64/AZ.png,,,
1066,AR,"0",Aerolineas Argentinas,https://images.kiwi.com/airlines/64/AR.png,,,
1067,"4O","1",Interjet,https://images.kiwi.com/airlines/64/4O.png,,,
1068,AM,"0",AeroMéxico,https://images.kiwi.com/airlines/64/AM.png,,,
1069,H2,"1",Sky Airline,https://images.kiwi.com/airlines/64/H2.png,,,
1070,"5J","1",Cebu Pacific,https://images.kiwi.com/airlines/64/5J.png,,,
1071,BV,"1",Blue Panorama,https://images.kiwi.com/airlines/64/BV.png,,,
1072,DE,"1",Condor,https://images.kiwi.com/airlines/64/DE.png,,,
1073,QZ,"0",Indonesia AirAsia,https://images.kiwi.com/airlines/64/QZ.png,,,
1074,U2,"1",easyJet,https://images.kiwi.com/airlines/64/U2.png,,,
1075,ALSA,"0",Alsa,https://images.kiwi.com/airlines/64/ALSA.png,,,
1076,"4U","1",germanwings,https://images.kiwi.com/airlines/64/4U.png,,,
1077,"3K","0",Jetstar Asia Airways,https://images.kiwi.com/airlines/64/3K.png,,,
1078,DL,"0",Delta Air Lines,https://images.kiwi.com/airlines/64/DL.png,,,
1079,UT,"1",UTair,https://images.kiwi.com/airlines/64/UT.png,,,
1080,HA,"0",Hawaiian Airlines,https://images.kiwi.com/airlines/64/HA.png,,,
1081,WG,"1",Sunwing,https://images.kiwi.com/airlines/64/WG.png,,,
1082,R2,"1",Orenburg Airlines,https://images.kiwi.com/airlines/64/R2.png,,,
1083,UN,"1",Transaero Airlines,https://images.kiwi.com/airlines/64/UN.png,,,
1084,AK,"1",AirAsia,https://images.kiwi.com/airlines/64/AK.png,,,
1085,SJ,"0",Sriwijaya Air,https://images.kiwi.com/airlines/64/SJ.png,,,
1086,SQ,"0",Singapore Airlines,https://images.kiwi.com/airlines/64/SQ.png,,,
1087,UP,"1",Bahamasair,https://images.kiwi.com/airlines/64/UP.png,,,
1088,BA,"0",British Airways,https://images.kiwi.com/airlines/64/BA.png,,,
1089,SU,"0",Aeroflot Russian Airlines,https://images.kiwi.com/airlines/64/SU.png,,,
1090,EQ,"0",TAME,https://images.kiwi.com/airlines/64/EQ.png,,,
1091,BW,"0",Caribbean Airlines,https://images.kiwi.com/airlines/64/BW.png,,,
1092,GA,"0",Garuda Indonesia,https://images.kiwi.com/airlines/64/GA.png,,,
1093,ET,"0",Ethiopian Airlines,https://images.kiwi.com/airlines/64/ET.png,,,
1094,HV,"1",Transavia,https://images.kiwi.com/airlines/64/HV.png,,,
1095,G8,"1",Go Air,https://images.kiwi.com/airlines/64/G8.png,,,
1096,UJ,"0",AlMasria Universal Airlines,https://images.kiwi.com/airlines/64/UJ.png,,,
1097,BF,"0",French Bee,https://images.kiwi.com/airlines/64/BF.png,,,
1098,Q9,"0",Wataniya Airways,https://images.kiwi.com/airlines/64/Q9.png,,,
1099,EU,"0",Chengdu Airlines,https://images.kiwi.com/airlines/64/EU.png,,,
1100,MENORCA,None,Berlinas Menorca,https://images.kiwi.com/airlines/64/MENORCA.png,,,
1101,DUBLINBUS,None,Dublin Bus,https://images.kiwi.com/airlines/64/DUBLINBUS.png,,,
1102,LAMEZIA,None,Lamezia Multiservizi,https://images.kiwi.com/airlines/64/LAMEZIA.png,,,
1103,VYRAIL,None,Vy,https://images.kiwi.com/airlines/64/VYRAIL.png,,,
1104,EMT,None,Emetebe Airlines,https://images.kiwi.com/airlines/64/EMT.png,,,
1105,FKK,None,Unity Air,https://images.kiwi.com/airlines/64/FKK.png,,,
1106,KA,"0",Cathay Dragon,https://images.kiwi.com/airlines/64/KA.png,,,
1107,XR,"0",Corendon Airlines Europe,https://images.kiwi.com/airlines/64/XR.png,,,
1108,DC,"1",Braathens Regional Airways,https://images.kiwi.com/airlines/64/DC.png,,,
1109,I3,None,ATA Airlines (Iran),https://images.kiwi.com/airlines/64/I3.png,,,
1110,ZO,None,Zagros Airlines,https://images.kiwi.com/airlines/64/ZO.png,,,
1111,B5,"0",East African,https://images.kiwi.com/airlines/64/B5.png,,,
1112,EIREAGLE,None,Eireagle,https://images.kiwi.com/airlines/64/EIREAGLE.png,,,
1113,GTOURSSA,None,Giosy tours SA,https://images.kiwi.com/airlines/64/GTOURSSA.png,,,
1114,WESTFALEN,None,Westfalen Bahn,https://images.kiwi.com/airlines/64/WESTFALEN.png,,,
1115,NORDWEST,None,NordWestBahn,https://images.kiwi.com/airlines/64/NORDWEST.png,,,
1116,KORAIL,None,Korail,https://images.kiwi.com/airlines/64/KORAIL.png,,,
1117,YCAT,None,Yuma County Area Transit,https://images.kiwi.com/airlines/64/YCAT.png,,,
1118,DALATRAFIK,None,Dalatrafik,https://images.kiwi.com/airlines/64/DALATRAFIK.png,,,
1119,FLYGBUSSAR,None,Flygbussarna,https://images.kiwi.com/airlines/64/FLYGBUSSAR.png,,,
1120,BT,"1",airBaltic,https://images.kiwi.com/airlines/64/BT.png,,,
1121,HZ,"0",Aurora Airlines,https://images.kiwi.com/airlines/64/HZ.png,,,
1122,MM,"1",Peach Aviation,https://images.kiwi.com/airlines/64/MM.png,,,
1123,HH,"0",Taban Airlines,https://images.kiwi.com/airlines/64/HH.png,,,
1124,EUROTRANS,None,AD EuroTrans,https://images.kiwi.com/airlines/64/EUROTRANS.png,,,
1125,ARRIVAUK,None,Arriva United Kingdom,https://images.kiwi.com/airlines/64/ARRIVAUK.png,,,
1126,MTRNORDIC,None,MTR Nordic,https://images.kiwi.com/airlines/64/MTRNORDIC.png,,,
1127,OL,"0",Samoa Airways,https://images.kiwi.com/airlines/64/OL.png,,,
1128,IZY,None,IZY,https://images.kiwi.com/airlines/64/IZY.png,,,
1129,"5W","0",WESTBahn,https://images.kiwi.com/airlines/64/5W.png,,,
1130,TAGKOMPANI,None,Tagkompaniet,https://images.kiwi.com/airlines/64/TAGKOMPANI.png,,,
1131,GL,"0",Air Greenland,https://images.kiwi.com/airlines/64/GL.png,,,
1132,BARONSBUS,None,Barons Bus,https://images.kiwi.com/airlines/64/BARONSBUS.png,,,
1133,NYTRAILWAY,None,New York Trailways,https://images.kiwi.com/airlines/64/NYTRAILWAY.png,,,
1134,OUIBUS,"0",Ouibus,https://images.kiwi.com/airlines/64/OUIBUS.png,,,
1135,LM,"0",LoganAir LM,https://images.kiwi.com/airlines/64/LM.png,,,
1136,SHA,None,Shree Airlines,https://images.kiwi.com/airlines/64/SHA.png,,,
1137,FULLINGTON,None,Fullington Trailways,https://images.kiwi.com/airlines/64/FULLINGTON.png,,,
1138,CAPITALCOL,None,Capital - Colonial Trailways,https://images.kiwi.com/airlines/64/CAPITALCOL.png,,,
1139,BL,"0",Jetstar Pacific,https://images.kiwi.com/airlines/64/BL.png,,,
1140,YORKSTIGER,None,Yorkshire Tiger,https://images.kiwi.com/airlines/64/YORKSTIGER.png,,,
1141,FIRSTBUS,None,First Bus,https://images.kiwi.com/airlines/64/FIRSTBUS.png,,,
1142,HIGHPEAK,None,High Peak,https://images.kiwi.com/airlines/64/HIGHPEAK.png,,,
1143,YELLOWBUS,None,Yellow Buses,https://images.kiwi.com/airlines/64/YELLOWBUS.png,,,
1144,BATHBUS,None,Bath Bus Company,https://images.kiwi.com/airlines/64/BATHBUS.png,,,
1145,BLEKINGEB,None,Blekingetrafiken bus,https://images.kiwi.com/airlines/64/BLEKINGEB.png,,,
1146,IJ,None,Spring Airlines Japan,https://images.kiwi.com/airlines/64/IJ.png,,,
1147,VRRAIL,None,VR,https://images.kiwi.com/airlines/64/VRRAIL.png,,,
1148,BE,"1",flybe,https://images.kiwi.com/airlines/64/BE.png,,,
1149,OBB,None,OBB,https://images.kiwi.com/airlines/64/OBB.png,,,
1150,SLORAIL,None,Slovenian Railways,https://images.kiwi.com/airlines/64/SLORAIL.png,,,
1151,ULT,None,Public Traffic Uppland train,https://images.kiwi.com/airlines/64/ULT.png,,,
1152,MEGABUST,None,Megabus train,https://images.kiwi.com/airlines/64/MEGABUST.png,,,
1153,MEGABUSB,None,Megabus bus,https://images.kiwi.com/airlines/64/MEGABUSB.png,,,
1154,CITYZAP,None,Cityzap,https://images.kiwi.com/airlines/64/CITYZAP.png,,,
1155,COASTLINER,None,Coastliner,https://images.kiwi.com/airlines/64/COASTLINER.png,,,
1156,GREENLINE,None,Green Line,https://images.kiwi.com/airlines/64/GREENLINE.png,,,
1157,STAGECOACB,None,Stagecoach bus,https://images.kiwi.com/airlines/64/STAGECOACB.png,,,
1158,OXFORDTUBE,None,Oxford Tube,https://images.kiwi.com/airlines/64/OXFORDTUBE.png,,,
1159,ENNO,None,Enno,https://images.kiwi.com/airlines/64/ENNO.png,,,
1160,METRONOM,None,Metronom,https://images.kiwi.com/airlines/64/METRONOM.png,,,
1161,SUDTHURING,None,Sud-Thuringen-Bahn,https://images.kiwi.com/airlines/64/SUDTHURING.png,,,
1162,VIAS,None,Vias,https://images.kiwi.com/airlines/64/VIAS.png,,,
1163,MERIBOBBRB,None,"Meridian, BOB, BRB",https://images.kiwi.com/airlines/64/MERIBOBBRB.png,,,
1164,EUROBAHN,None,Eurobahn,https://images.kiwi.com/airlines/64/EUROBAHN.png,,,
1165,LANDERBAHN,None,Landerbahn,https://images.kiwi.com/airlines/64/LANDERBAHN.png,,,
1166,ABELLIO,None,Abellio,https://images.kiwi.com/airlines/64/ABELLIO.png,,,
1167,CZECHRAILT,None,Czech Rail train,https://images.kiwi.com/airlines/64/CZECHRAILT.png,,,
1168,SLT,None,Stockholm Public Transport train,https://images.kiwi.com/airlines/64/SLT.png,,,
1169,S0,"1",Aerolineas Sosa,https://images.kiwi.com/airlines/64/S0.png,,,
1170,AG,"0",Aruba Airlines,https://images.kiwi.com/airlines/64/AG.png,,,
1171,GX,"1",GX airlines,https://images.kiwi.com/airlines/64/GX.png,,,
1172,PR,"0",Philippine Airlines,https://images.kiwi.com/airlines/64/PR.png,,,
1173,UQ,"0",Urumqi Airlines,https://images.kiwi.com/airlines/64/UQ.png,,,
1174,UG,"0",TunisAir Express,https://images.kiwi.com/airlines/64/UG.png,,,
1175,K2,"0",EuroLot,https://images.kiwi.com/airlines/64/K2.png,,,
1176,VE,"0",VE,https://images.kiwi.com/airlines/64/VE.png,,,
1177,D9,"0",Aeroflot-Don,https://images.kiwi.com/airlines/64/D9.png,,,
1178,IT,"0",Tigerair Taiwan,https://images.kiwi.com/airlines/64/IT.png,,,
1179,ZK,"0",Great Lakes Airlines,https://images.kiwi.com/airlines/64/ZK.png,,,
1180,HR,"0",Hahn Airlines,https://images.kiwi.com/airlines/64/HR.png,,,
1181,HU,"0",Hainan Airlines,https://images.kiwi.com/airlines/64/HU.png,,,
1182,PY,"0",Surinam Airways,https://images.kiwi.com/airlines/64/PY.png,,,
1183,"7B","0",Fly Blue Crane,https://images.kiwi.com/airlines/64/7B.png,,,
1184,LW,"0",Latin American Wings,https://images.kiwi.com/airlines/64/LW.png,,,
1185,RI,"0",Mandala Airlines,https://images.kiwi.com/airlines/64/RI.png,,,
1186,Q8,"0",Trans Air Congo,https://images.kiwi.com/airlines/64/Q8.png,,,
1187,XC,"1",Corendon,https://images.kiwi.com/airlines/64/XC.png,,,
1188,WE,"1",Thai Smile,https://images.kiwi.com/airlines/64/WE.png,,,
1189,PL,"0",Southern Air Charter,https://images.kiwi.com/airlines/64/PL.png,,,
1190,AT,"0",Royal Air Maroc,https://images.kiwi.com/airlines/64/AT.png,,,
1191,BR,"1",EVA Air,https://images.kiwi.com/airlines/64/BR.png,,,
1192,MH,"1",Malaysia Airlines,https://images.kiwi.com/airlines/64/MH.png,,,
1193,OX,"1",Orient Thai Airlines,https://images.kiwi.com/airlines/64/OX.png,,,
1194,S4,"0",SATA Azores Airlines,https://images.kiwi.com/airlines/64/S4.png,,,
1195,"7T","0",Trenitalia,https://images.kiwi.com/airlines/64/7T.png,,,
1196,ARDATUR,None,Arda Tur,https://images.kiwi.com/airlines/64/ARDATUR.png,,,
1197,MAGICSHUT,None,Magical Shuttle,https://images.kiwi.com/airlines/64/MAGICSHUT.png,,,
1198,CRNJAT,None,Crnja tours,https://images.kiwi.com/airlines/64/CRNJAT.png,,,
1199,VS,"0",Virgin Atlantic Airways,https://images.kiwi.com/airlines/64/VS.png,,,
1200,GDNEX,None,GDN Express,https://images.kiwi.com/airlines/64/GDNEX.png,,,
1201,GLOBALBIO,None,Global biomet ,https://images.kiwi.com/airlines/64/GLOBALBIO.png,,,
1202,CHRISTRAN,None,Christian Transfers,https://images.kiwi.com/airlines/64/CHRISTRAN.png,,,
1203,YELLOWTRAN,None,Yellow Transfers,https://images.kiwi.com/airlines/64/YELLOWTRAN.png,,,
1204,GQ,"0",Sky Express,https://images.kiwi.com/airlines/64/GQ.png,,,
1205,"2A","0",Deutsche Bahn,https://images.kiwi.com/airlines/64/2A.png,,,
1206,AUTNA,None,Autna SL - Spain,https://images.kiwi.com/airlines/64/AUTNA.png,,,
1207,CHINARAIL,None,China Railway,https://images.kiwi.com/airlines/64/CHINARAIL.png,,,
1208,OKBUS,None,OK bus,https://images.kiwi.com/airlines/64/OKBUS.png,,,
1209,MOUNTAINLI,None,Mountain Line Transit Authority,https://images.kiwi.com/airlines/64/MOUNTAINLI.png,,,
1210,BOLTBUS,None,BoltBus,https://images.kiwi.com/airlines/64/BOLTBUS.png,,,
1211,SWISSTOURS,None,SwissTours,https://images.kiwi.com/airlines/64/SWISSTOURS.png,,,
1212,AUTOLIFEDE,None,Autolinee federico,https://images.kiwi.com/airlines/64/AUTOLIFEDE.png,,,
1213,NH,"0",All Nippon Airways,https://images.kiwi.com/airlines/64/NH.png,,,
1214,AEROBUSBCN,None,Aerobus Barcelona,https://images.kiwi.com/airlines/64/AEROBUSBCN.png,,,
1215,ROMAEX,None,Roma Express,https://images.kiwi.com/airlines/64/ROMAEX.png,,,
1216,BALEARIA,None,Balearia,https://images.kiwi.com/airlines/64/BALEARIA.png,,,
1217,"5G","0",MAYAir,https://images.kiwi.com/airlines/64/5G.png,,,
1218,WD,"0",Amsterdam Airlines,https://images.kiwi.com/airlines/64/WD.png,,,
1219,Z4,"0",Ibom Air,https://images.kiwi.com/airlines/64/Z4.png,,,
1220,ZB,"1",Air Albania,https://images.kiwi.com/airlines/64/ZB.png,,,
1221,P4,"0",Air Peace Limited,https://images.kiwi.com/airlines/64/P4.png,,,
1222,ITALONTV,None,Italo NTV,https://images.kiwi.com/airlines/64/ITALONTV.png,,,
1223,ITALOBUS,None,Italobus,https://images.kiwi.com/airlines/64/ITALOBUS.png,,,
1224,W7,"0",Wings of Lebanon,https://images.kiwi.com/airlines/64/W7.png,,,
1225,RS,"0",Air Seoul,https://images.kiwi.com/airlines/64/RS.png,,,
